/*
SQLyog Community Edition- MySQL GUI v6.15
MySQL - 5.0.85 : Database - befikir
*********************************************************************
*/

/*!40101 SET NAMES utf8 */;

/*!40101 SET SQL_MODE=''*/;

/*!40014 SET @OLD_FOREIGN_KEY_CHECKS=@@FOREIGN_KEY_CHECKS, FOREIGN_KEY_CHECKS=0 */;
/*!40101 SET @OLD_SQL_MODE=@@SQL_MODE, SQL_MODE='NO_AUTO_VALUE_ON_ZERO' */;

/*Table structure for table `hom_organon` */

CREATE TABLE `hom_organon` (
  `organon_id` int(11) NOT NULL auto_increment,
  `site_id` int(11) default NULL,
  `edition` enum('5th Edition','6th Edition','7th Edition') character set latin1 default NULL,
  `aphorism_no` int(11) default NULL,
  `content` text character set latin1,
  PRIMARY KEY  (`organon_id`)
) ENGINE=MyISAM DEFAULT CHARSET=utf8;

/*Data for the table `hom_organon` */

/*Table structure for table `location` */

CREATE TABLE `location` (
  `location_id` int(11) NOT NULL auto_increment,
  PRIMARY KEY  (`location_id`)
) ENGINE=MyISAM DEFAULT CHARSET=utf8;

/*Data for the table `location` */

/*Table structure for table `med_diseases` */

CREATE TABLE `med_diseases` (
  `disease_id` int(11) NOT NULL auto_increment,
  `disease_name` varchar(255) default NULL,
  `parent_id` int(11) NOT NULL default '0',
  `site_id` int(11) NOT NULL default '0',
  PRIMARY KEY  (`disease_id`)
) ENGINE=MyISAM DEFAULT CHARSET=utf8;

/*Data for the table `med_diseases` */

/*Table structure for table `med_rating` */

CREATE TABLE `med_rating` (
  `rating_id` int(11) NOT NULL auto_increment,
  `remedy_id` int(11) default NULL,
  `disease_id` int(11) default NULL,
  `uid` int(11) default NULL,
  `site_id` int(11) NOT NULL default '0',
  `rating` int(1) default NULL,
  `comments` varchar(200) default NULL,
  PRIMARY KEY  (`rating_id`)
) ENGINE=MyISAM DEFAULT CHARSET=utf8;

/*Data for the table `med_rating` */

/*Table structure for table `med_remedies` */

CREATE TABLE `med_remedies` (
  `remedy_id` int(11) NOT NULL auto_increment,
  `remedytype` enum('Allopathy','Homoeopathy','Ayurvedic','Unani','Acupuncture','Reike','Magnetotherapy','Other') default NULL,
  `remedy_name` varchar(200) default NULL,
  `site_id` int(11) NOT NULL default '0',
  PRIMARY KEY  (`remedy_id`)
) ENGINE=MyISAM DEFAULT CHARSET=utf8;

/*Data for the table `med_remedies` */

/*Table structure for table `rateme_results` */

CREATE TABLE `rateme_results` (
  `rateme_result_id` int(11) NOT NULL auto_increment,
  `rateme_test_id` int(11) default NULL,
  `rateby_uid` int(11) default NULL,
  `site_id` int(11) NOT NULL default '0',
  `loving` int(2) default NULL,
  `patience` int(2) default NULL,
  `listens` int(2) default NULL,
  `caring` int(2) default NULL,
  `honesty` int(2) default NULL,
  `peacefullness` int(2) default NULL,
  `humor` int(2) default NULL,
  `joyful` int(2) default NULL,
  `faithfull` int(2) default NULL,
  `humility` int(2) default NULL,
  `created_date` datetime default NULL,
  `updated_date` datetime default NULL,
  PRIMARY KEY  (`rateme_result_id`),
  UNIQUE KEY `rateme_test_id` (`rateme_test_id`,`rateby_uid`,`site_id`)
) ENGINE=MyISAM AUTO_INCREMENT=27 DEFAULT CHARSET=utf8;

/*Data for the table `rateme_results` */

insert  into `rateme_results`(`rateme_result_id`,`rateme_test_id`,`rateby_uid`,`site_id`,`loving`,`patience`,`listens`,`caring`,`honesty`,`peacefullness`,`humor`,`joyful`,`faithfull`,`humility`,`created_date`,`updated_date`) values (1,1,2,4,8,6,1,7,10,10,4,5,8,5,'2011-03-16 09:18:48','2011-03-16 09:20:27');
insert  into `rateme_results`(`rateme_result_id`,`rateme_test_id`,`rateby_uid`,`site_id`,`loving`,`patience`,`listens`,`caring`,`honesty`,`peacefullness`,`humor`,`joyful`,`faithfull`,`humility`,`created_date`,`updated_date`) values (2,1,3,4,10,10,10,10,8,4,10,8,9,6,'2011-03-16 09:19:41','2011-03-16 09:23:22');
insert  into `rateme_results`(`rateme_result_id`,`rateme_test_id`,`rateby_uid`,`site_id`,`loving`,`patience`,`listens`,`caring`,`honesty`,`peacefullness`,`humor`,`joyful`,`faithfull`,`humility`,`created_date`,`updated_date`) values (3,3,1,4,10,5,8,8,8,8,10,10,8,10,'2011-03-16 09:24:35','2011-03-16 09:25:06');
insert  into `rateme_results`(`rateme_result_id`,`rateme_test_id`,`rateby_uid`,`site_id`,`loving`,`patience`,`listens`,`caring`,`honesty`,`peacefullness`,`humor`,`joyful`,`faithfull`,`humility`,`created_date`,`updated_date`) values (5,4,15,4,10,10,9,9,8,10,10,7,9,8,'2011-03-16 12:47:16','2011-03-16 12:47:51');
insert  into `rateme_results`(`rateme_result_id`,`rateme_test_id`,`rateby_uid`,`site_id`,`loving`,`patience`,`listens`,`caring`,`honesty`,`peacefullness`,`humor`,`joyful`,`faithfull`,`humility`,`created_date`,`updated_date`) values (6,4,16,4,8,4,8,9,7,9,8,7,7,8,'2011-03-16 12:47:30','2011-03-16 12:48:22');
insert  into `rateme_results`(`rateme_result_id`,`rateme_test_id`,`rateby_uid`,`site_id`,`loving`,`patience`,`listens`,`caring`,`honesty`,`peacefullness`,`humor`,`joyful`,`faithfull`,`humility`,`created_date`,`updated_date`) values (7,6,22,4,7,5,5,1,2,10,3,10,2,7,'2011-03-16 12:52:52','2011-03-16 12:53:38');
insert  into `rateme_results`(`rateme_result_id`,`rateme_test_id`,`rateby_uid`,`site_id`,`loving`,`patience`,`listens`,`caring`,`honesty`,`peacefullness`,`humor`,`joyful`,`faithfull`,`humility`,`created_date`,`updated_date`) values (8,4,23,4,10,9,10,10,10,10,10,10,10,10,'2011-03-16 13:04:13','2011-03-16 13:04:40');
insert  into `rateme_results`(`rateme_result_id`,`rateme_test_id`,`rateby_uid`,`site_id`,`loving`,`patience`,`listens`,`caring`,`honesty`,`peacefullness`,`humor`,`joyful`,`faithfull`,`humility`,`created_date`,`updated_date`) values (9,7,10,4,8,6,8,10,6,6,9,10,10,8,'2011-03-16 13:14:05','2011-03-16 13:14:22');
insert  into `rateme_results`(`rateme_result_id`,`rateme_test_id`,`rateby_uid`,`site_id`,`loving`,`patience`,`listens`,`caring`,`honesty`,`peacefullness`,`humor`,`joyful`,`faithfull`,`humility`,`created_date`,`updated_date`) values (10,6,29,4,7,7,5,9,10,8,9,8,9,9,'2011-03-16 13:14:27','2011-03-16 13:15:03');
insert  into `rateme_results`(`rateme_result_id`,`rateme_test_id`,`rateby_uid`,`site_id`,`loving`,`patience`,`listens`,`caring`,`honesty`,`peacefullness`,`humor`,`joyful`,`faithfull`,`humility`,`created_date`,`updated_date`) values (11,1,33,4,7,NULL,NULL,NULL,NULL,NULL,NULL,NULL,NULL,NULL,'2011-03-16 13:27:13','2011-03-16 13:27:13');
insert  into `rateme_results`(`rateme_result_id`,`rateme_test_id`,`rateby_uid`,`site_id`,`loving`,`patience`,`listens`,`caring`,`honesty`,`peacefullness`,`humor`,`joyful`,`faithfull`,`humility`,`created_date`,`updated_date`) values (12,4,41,4,9,1,8,8,5,9,4,7,7,3,'2011-03-16 14:12:30','2011-03-16 14:13:41');
insert  into `rateme_results`(`rateme_result_id`,`rateme_test_id`,`rateby_uid`,`site_id`,`loving`,`patience`,`listens`,`caring`,`honesty`,`peacefullness`,`humor`,`joyful`,`faithfull`,`humility`,`created_date`,`updated_date`) values (13,4,42,4,10,1,1,1,1,1,1,1,10,1,'2011-03-16 14:14:42','2011-03-16 14:15:13');
insert  into `rateme_results`(`rateme_result_id`,`rateme_test_id`,`rateby_uid`,`site_id`,`loving`,`patience`,`listens`,`caring`,`honesty`,`peacefullness`,`humor`,`joyful`,`faithfull`,`humility`,`created_date`,`updated_date`) values (14,4,43,4,7,7,7,7,7,7,7,7,7,7,'2011-03-16 14:15:00','2011-03-16 14:15:18');
insert  into `rateme_results`(`rateme_result_id`,`rateme_test_id`,`rateby_uid`,`site_id`,`loving`,`patience`,`listens`,`caring`,`honesty`,`peacefullness`,`humor`,`joyful`,`faithfull`,`humility`,`created_date`,`updated_date`) values (15,4,50,4,10,5,8,8,7,7,7,6,8,7,'2011-03-16 14:20:22','2011-03-16 14:20:56');
insert  into `rateme_results`(`rateme_result_id`,`rateme_test_id`,`rateby_uid`,`site_id`,`loving`,`patience`,`listens`,`caring`,`honesty`,`peacefullness`,`humor`,`joyful`,`faithfull`,`humility`,`created_date`,`updated_date`) values (16,4,53,4,9,NULL,NULL,NULL,NULL,NULL,NULL,NULL,NULL,NULL,'2011-03-16 14:25:07','2011-03-16 14:25:12');
insert  into `rateme_results`(`rateme_result_id`,`rateme_test_id`,`rateby_uid`,`site_id`,`loving`,`patience`,`listens`,`caring`,`honesty`,`peacefullness`,`humor`,`joyful`,`faithfull`,`humility`,`created_date`,`updated_date`) values (17,4,66,4,4,NULL,NULL,NULL,NULL,NULL,NULL,NULL,2,3,'2011-03-16 15:23:01','2011-03-16 15:23:27');
insert  into `rateme_results`(`rateme_result_id`,`rateme_test_id`,`rateby_uid`,`site_id`,`loving`,`patience`,`listens`,`caring`,`honesty`,`peacefullness`,`humor`,`joyful`,`faithfull`,`humility`,`created_date`,`updated_date`) values (18,4,69,4,9,NULL,NULL,NULL,NULL,NULL,10,NULL,NULL,NULL,'2011-03-16 16:02:47','2011-03-16 16:02:59');
insert  into `rateme_results`(`rateme_result_id`,`rateme_test_id`,`rateby_uid`,`site_id`,`loving`,`patience`,`listens`,`caring`,`honesty`,`peacefullness`,`humor`,`joyful`,`faithfull`,`humility`,`created_date`,`updated_date`) values (19,4,10,4,8,7,6,6,8,8,7,7,7,8,'2011-03-16 20:46:54','2011-03-16 20:47:03');
insert  into `rateme_results`(`rateme_result_id`,`rateme_test_id`,`rateby_uid`,`site_id`,`loving`,`patience`,`listens`,`caring`,`honesty`,`peacefullness`,`humor`,`joyful`,`faithfull`,`humility`,`created_date`,`updated_date`) values (20,4,4,4,8,NULL,NULL,NULL,NULL,NULL,NULL,NULL,NULL,NULL,'2011-03-16 20:49:34','2011-03-16 20:49:34');
insert  into `rateme_results`(`rateme_result_id`,`rateme_test_id`,`rateby_uid`,`site_id`,`loving`,`patience`,`listens`,`caring`,`honesty`,`peacefullness`,`humor`,`joyful`,`faithfull`,`humility`,`created_date`,`updated_date`) values (21,10,4,4,8,10,7,9,5,7,10,8,6,10,'2011-03-16 20:51:40','2011-03-16 20:52:04');
insert  into `rateme_results`(`rateme_result_id`,`rateme_test_id`,`rateby_uid`,`site_id`,`loving`,`patience`,`listens`,`caring`,`honesty`,`peacefullness`,`humor`,`joyful`,`faithfull`,`humility`,`created_date`,`updated_date`) values (22,9,4,4,10,9,8,5,5,7,8,8,9,10,'2011-03-16 20:54:49','2011-03-16 20:55:04');
insert  into `rateme_results`(`rateme_result_id`,`rateme_test_id`,`rateby_uid`,`site_id`,`loving`,`patience`,`listens`,`caring`,`honesty`,`peacefullness`,`humor`,`joyful`,`faithfull`,`humility`,`created_date`,`updated_date`) values (23,4,82,4,1,1,1,1,1,1,1,1,1,1,'2011-03-16 22:51:16','2011-03-16 22:51:29');
insert  into `rateme_results`(`rateme_result_id`,`rateme_test_id`,`rateby_uid`,`site_id`,`loving`,`patience`,`listens`,`caring`,`honesty`,`peacefullness`,`humor`,`joyful`,`faithfull`,`humility`,`created_date`,`updated_date`) values (24,4,84,4,5,5,6,6,6,6,8,9,8,8,'2011-03-16 22:57:46','2011-03-16 22:58:02');
insert  into `rateme_results`(`rateme_result_id`,`rateme_test_id`,`rateby_uid`,`site_id`,`loving`,`patience`,`listens`,`caring`,`honesty`,`peacefullness`,`humor`,`joyful`,`faithfull`,`humility`,`created_date`,`updated_date`) values (25,4,86,4,10,10,10,10,10,8,6,10,10,7,'2011-03-16 23:01:54','2011-03-16 23:03:17');
insert  into `rateme_results`(`rateme_result_id`,`rateme_test_id`,`rateby_uid`,`site_id`,`loving`,`patience`,`listens`,`caring`,`honesty`,`peacefullness`,`humor`,`joyful`,`faithfull`,`humility`,`created_date`,`updated_date`) values (26,11,89,4,10,10,10,10,10,6,6,10,10,7,'2011-03-16 23:04:21','2011-03-16 23:04:40');

/*Table structure for table `rateme_test` */

CREATE TABLE `rateme_test` (
  `rateme_test_id` int(11) NOT NULL auto_increment,
  `uid` int(11) default NULL,
  `site_id` int(11) NOT NULL default '0',
  `activation` varchar(60) default NULL,
  `activation_result` varchar(60) default NULL,
  `test_created_date` datetime default NULL,
  `test_updated_date` datetime default NULL,
  `status` int(1) NOT NULL default '1',
  PRIMARY KEY  (`rateme_test_id`),
  KEY `activation` (`activation`),
  KEY `activation_result` (`activation_result`)
) ENGINE=MyISAM AUTO_INCREMENT=12 DEFAULT CHARSET=utf8;

/*Data for the table `rateme_test` */

insert  into `rateme_test`(`rateme_test_id`,`uid`,`site_id`,`activation`,`activation_result`,`test_created_date`,`test_updated_date`,`status`) values (1,1,4,'62f2de79192844ed4a77b44157332b40','0d4ea2f4fc5f39b19b0f40ee93a30dfe','2011-03-16 09:16:35','2011-03-16 09:16:35',0);
insert  into `rateme_test`(`rateme_test_id`,`uid`,`site_id`,`activation`,`activation_result`,`test_created_date`,`test_updated_date`,`status`) values (2,2,4,'e47c2642711cb30fd5666cf460c27a67','cc0084d7b42a78621218e1a730e455b2','2011-03-16 09:21:17','2011-03-16 09:21:17',0);
insert  into `rateme_test`(`rateme_test_id`,`uid`,`site_id`,`activation`,`activation_result`,`test_created_date`,`test_updated_date`,`status`) values (3,3,4,'8c56848df81ffe1c0215918b0fa65306','7612059d8307dc7597fb3e6767813fb9','2011-03-16 09:23:45','2011-03-16 09:23:45',0);
insert  into `rateme_test`(`rateme_test_id`,`uid`,`site_id`,`activation`,`activation_result`,`test_created_date`,`test_updated_date`,`status`) values (4,4,4,'9b4cc51eea64e6977b2b8ec382ea10cf','90ec33dd77aa80acd54a431b99e1779a','2011-03-16 11:22:13','2011-03-16 11:22:13',0);
insert  into `rateme_test`(`rateme_test_id`,`uid`,`site_id`,`activation`,`activation_result`,`test_created_date`,`test_updated_date`,`status`) values (5,5,4,'e9b339df3561c24660ba4342c9766dc6','75abe75972b7800c8e2820d4ffea1c02','2011-03-16 11:32:00','2011-03-16 11:32:00',0);
insert  into `rateme_test`(`rateme_test_id`,`uid`,`site_id`,`activation`,`activation_result`,`test_created_date`,`test_updated_date`,`status`) values (6,6,4,'1e38dbc54f02af9d5597a7963f67c207','be9fa751f64fc9cbf6dec0fe53521e9d','2011-03-16 11:36:39','2011-03-16 11:36:39',0);
insert  into `rateme_test`(`rateme_test_id`,`uid`,`site_id`,`activation`,`activation_result`,`test_created_date`,`test_updated_date`,`status`) values (7,26,4,'5deb0fa5f03d7f696919a2f5365e1456','3f6a760ec3f67fa1188057da04f06daf','2011-03-16 13:08:06','2011-03-16 13:08:06',0);
insert  into `rateme_test`(`rateme_test_id`,`uid`,`site_id`,`activation`,`activation_result`,`test_created_date`,`test_updated_date`,`status`) values (8,30,4,'832c6418314134fa903391ecbfd94913','c6aae5dcf4f808948302d1f340ab76c3','2011-03-16 13:15:34','2011-03-16 13:15:34',0);
insert  into `rateme_test`(`rateme_test_id`,`uid`,`site_id`,`activation`,`activation_result`,`test_created_date`,`test_updated_date`,`status`) values (9,46,4,'7ddcfa73f9c1f0e08c9dd5b3d3a41f1d','153ffbe2d936a6a5e37e787a93e6aa69','2011-03-16 14:17:53','2011-03-16 14:17:53',0);
insert  into `rateme_test`(`rateme_test_id`,`uid`,`site_id`,`activation`,`activation_result`,`test_created_date`,`test_updated_date`,`status`) values (10,58,4,'e4fe7558f6340574505618acff6b39d8','62a416813dfa7ebf10829aab647c87bb','2011-03-16 14:41:44','2011-03-16 14:41:44',0);
insert  into `rateme_test`(`rateme_test_id`,`uid`,`site_id`,`activation`,`activation_result`,`test_created_date`,`test_updated_date`,`status`) values (11,89,4,'deaee8455b2c4f2d6e9caa1b0f3e1443','a8e1aa8d23635ab696fc93a6b73d12b1','2011-03-16 23:04:15','2011-03-16 23:04:15',0);

/*Table structure for table `users` */

CREATE TABLE `users` (
  `uid` int(11) NOT NULL auto_increment,
  `username` varchar(150) default NULL,
  `email` varchar(150) default NULL,
  `password` varchar(60) default NULL,
  `created` datetime default NULL,
  `updated` datetime default NULL,
  `lastlogin` datetime default NULL,
  `status` int(1) NOT NULL default '1' COMMENT '1 active, 0 deleted, -1 banned',
  `name` varchar(60) default NULL,
  `profile_pic` varchar(255) default NULL,
  `dob` date default NULL,
  `gender` enum('male','female') default NULL,
  `timezone` float default NULL,
  `location` varchar(100) default NULL,
  `site_id` int(11) NOT NULL default '0',
  PRIMARY KEY  (`uid`)
) ENGINE=MyISAM AUTO_INCREMENT=102 DEFAULT CHARSET=utf8 CHECKSUM=1 DELAY_KEY_WRITE=1 ROW_FORMAT=DYNAMIC;

/*Data for the table `users` */

insert  into `users`(`uid`,`username`,`email`,`password`,`created`,`updated`,`lastlogin`,`status`,`name`,`profile_pic`,`dob`,`gender`,`timezone`,`location`,`site_id`) values (1,NULL,'naveenkhanchandani@gmail.com',NULL,'2011-03-16 09:16:31','2011-03-17 03:57:03','2011-03-17 03:57:03',1,'Manish Khanchandani','https://graph.facebook.com/748940976/picture?type=large','1974-06-05','male',-7,'Orlando, Florida',4);
insert  into `users`(`uid`,`username`,`email`,`password`,`created`,`updated`,`lastlogin`,`status`,`name`,`profile_pic`,`dob`,`gender`,`timezone`,`location`,`site_id`) values (2,NULL,'renu09@live.com',NULL,'2011-03-16 09:18:07','2011-03-16 13:28:03','2011-03-16 13:28:03',1,'Renu Khanchandani','https://graph.facebook.com/100001997163726/picture?type=large','1950-02-18','female',-6,'Orlando, Florida',4);
insert  into `users`(`uid`,`username`,`email`,`password`,`created`,`updated`,`lastlogin`,`status`,`name`,`profile_pic`,`dob`,`gender`,`timezone`,`location`,`site_id`) values (3,NULL,'nikhilkhanchandani@gmail.com',NULL,'2011-03-16 09:19:30','2011-03-16 09:19:30','2011-03-16 09:19:30',1,'Nikhil Khanchandani','https://graph.facebook.com/100000705379758/picture?type=large','1974-04-07','male',-7,NULL,4);
insert  into `users`(`uid`,`username`,`email`,`password`,`created`,`updated`,`lastlogin`,`status`,`name`,`profile_pic`,`dob`,`gender`,`timezone`,`location`,`site_id`) values (4,NULL,'nanda.badrani@gmail.com',NULL,'2011-03-16 11:16:11','2011-03-16 22:28:59','2011-03-16 22:28:59',1,'Nanda Badrani','https://graph.facebook.com/100001621737825/picture?type=large','1986-06-10','female',-7,'Ulhasnagar',4);
insert  into `users`(`uid`,`username`,`email`,`password`,`created`,`updated`,`lastlogin`,`status`,`name`,`profile_pic`,`dob`,`gender`,`timezone`,`location`,`site_id`) values (5,NULL,'ulhasnag@ulhasnagarfun.in',NULL,'2011-03-16 11:31:52','2011-03-16 11:34:38','2011-03-16 11:34:38',1,'Uma Shankar','https://graph.facebook.com/100001627528251/picture?type=large','1974-01-01','male',-7,'Ulhasnagar',4);
insert  into `users`(`uid`,`username`,`email`,`password`,`created`,`updated`,`lastlogin`,`status`,`name`,`profile_pic`,`dob`,`gender`,`timezone`,`location`,`site_id`) values (6,NULL,'sara@mkgalaxy.com',NULL,'2011-03-16 11:36:32','2011-03-16 13:00:08','2011-03-16 13:00:08',1,'Sara Mulchandani','https://graph.facebook.com/100001965063090/picture?type=large','1984-02-09','female',-7,'Mumbai (Bombay), India',4);
insert  into `users`(`uid`,`username`,`email`,`password`,`created`,`updated`,`lastlogin`,`status`,`name`,`profile_pic`,`dob`,`gender`,`timezone`,`location`,`site_id`) values (7,NULL,'pradeep_sha15@yahoo.co.in',NULL,'2011-03-16 11:54:55','2011-03-16 11:54:55','2011-03-16 11:54:55',1,'Pradeep Sharma','https://graph.facebook.com/100000198692067/picture?type=large','1974-10-15','male',5.5,NULL,4);
insert  into `users`(`uid`,`username`,`email`,`password`,`created`,`updated`,`lastlogin`,`status`,`name`,`profile_pic`,`dob`,`gender`,`timezone`,`location`,`site_id`) values (8,NULL,'one@mkgalaxy.com',NULL,'2011-03-16 12:10:11','2011-03-16 12:16:27','2011-03-16 12:16:27',1,'Onehere Here','https://graph.facebook.com/100001647310795/picture?type=large','1974-01-01','male',-8,NULL,4);
insert  into `users`(`uid`,`username`,`email`,`password`,`created`,`updated`,`lastlogin`,`status`,`name`,`profile_pic`,`dob`,`gender`,`timezone`,`location`,`site_id`) values (9,'117.196.160.15',NULL,'password','2011-03-16 12:28:34','2011-03-16 12:28:34','2011-03-16 12:28:34',1,'117.196.160.15','','0000-00-00','',0,'',4);
insert  into `users`(`uid`,`username`,`email`,`password`,`created`,`updated`,`lastlogin`,`status`,`name`,`profile_pic`,`dob`,`gender`,`timezone`,`location`,`site_id`) values (10,'76.102.41.102',NULL,'password','2011-03-16 12:28:35','2011-03-16 21:28:38','2011-03-16 21:28:38',1,'76.102.41.102','','0000-00-00','',0,'',4);
insert  into `users`(`uid`,`username`,`email`,`password`,`created`,`updated`,`lastlogin`,`status`,`name`,`profile_pic`,`dob`,`gender`,`timezone`,`location`,`site_id`) values (11,'180.188.254.245',NULL,'password','2011-03-16 12:33:00','2011-03-16 12:33:00','2011-03-16 12:33:00',1,'180.188.254.245','','0000-00-00','',0,'',4);
insert  into `users`(`uid`,`username`,`email`,`password`,`created`,`updated`,`lastlogin`,`status`,`name`,`profile_pic`,`dob`,`gender`,`timezone`,`location`,`site_id`) values (12,'80.239.243.158',NULL,'password','2011-03-16 12:35:52','2011-03-16 12:35:52','2011-03-16 12:35:52',1,'80.239.243.158','','0000-00-00','',0,'',4);
insert  into `users`(`uid`,`username`,`email`,`password`,`created`,`updated`,`lastlogin`,`status`,`name`,`profile_pic`,`dob`,`gender`,`timezone`,`location`,`site_id`) values (13,'1.38.14.3',NULL,'password','2011-03-16 12:36:32','2011-03-16 12:36:32','2011-03-16 12:36:32',1,'1.38.14.3','','0000-00-00','',0,'',4);
insert  into `users`(`uid`,`username`,`email`,`password`,`created`,`updated`,`lastlogin`,`status`,`name`,`profile_pic`,`dob`,`gender`,`timezone`,`location`,`site_id`) values (14,'27.106.38.59',NULL,'password','2011-03-16 12:45:50','2011-03-16 12:45:50','2011-03-16 12:45:50',1,'27.106.38.59','','0000-00-00','',0,'',4);
insert  into `users`(`uid`,`username`,`email`,`password`,`created`,`updated`,`lastlogin`,`status`,`name`,`profile_pic`,`dob`,`gender`,`timezone`,`location`,`site_id`) values (15,'117.215.64.178',NULL,'password','2011-03-16 12:47:01','2011-03-16 14:39:13','2011-03-16 14:39:13',1,'117.215.64.178','','0000-00-00','',0,'',4);
insert  into `users`(`uid`,`username`,`email`,`password`,`created`,`updated`,`lastlogin`,`status`,`name`,`profile_pic`,`dob`,`gender`,`timezone`,`location`,`site_id`) values (16,'121.244.73.4',NULL,'password','2011-03-16 12:47:23','2011-03-16 12:47:23','2011-03-16 12:47:23',1,'121.244.73.4','','0000-00-00','',0,'',4);
insert  into `users`(`uid`,`username`,`email`,`password`,`created`,`updated`,`lastlogin`,`status`,`name`,`profile_pic`,`dob`,`gender`,`timezone`,`location`,`site_id`) values (17,'119.27.62.254',NULL,'password','2011-03-16 12:47:23','2011-03-16 12:47:23','2011-03-16 12:47:23',1,'119.27.62.254','','0000-00-00','',0,'',4);
insert  into `users`(`uid`,`username`,`email`,`password`,`created`,`updated`,`lastlogin`,`status`,`name`,`profile_pic`,`dob`,`gender`,`timezone`,`location`,`site_id`) values (18,'59.161.254.21',NULL,'password','2011-03-16 12:47:30','2011-03-16 12:47:30','2011-03-16 12:47:30',1,'59.161.254.21','','0000-00-00','',0,'',4);
insert  into `users`(`uid`,`username`,`email`,`password`,`created`,`updated`,`lastlogin`,`status`,`name`,`profile_pic`,`dob`,`gender`,`timezone`,`location`,`site_id`) values (19,'65.52.2.153',NULL,'password','2011-03-16 12:48:07','2011-03-16 13:58:49','2011-03-16 13:58:49',1,'65.52.2.153','','0000-00-00','',0,'',4);
insert  into `users`(`uid`,`username`,`email`,`password`,`created`,`updated`,`lastlogin`,`status`,`name`,`profile_pic`,`dob`,`gender`,`timezone`,`location`,`site_id`) values (20,'92.52.91.205',NULL,'password','2011-03-16 12:50:50','2011-03-16 14:13:02','2011-03-16 14:13:02',1,'92.52.91.205','','0000-00-00','',0,'',4);
insert  into `users`(`uid`,`username`,`email`,`password`,`created`,`updated`,`lastlogin`,`status`,`name`,`profile_pic`,`dob`,`gender`,`timezone`,`location`,`site_id`) values (21,'65.52.108.12',NULL,'password','2011-03-16 12:51:25','2011-03-16 12:51:25','2011-03-16 12:51:25',1,'65.52.108.12','','0000-00-00','',0,'',4);
insert  into `users`(`uid`,`username`,`email`,`password`,`created`,`updated`,`lastlogin`,`status`,`name`,`profile_pic`,`dob`,`gender`,`timezone`,`location`,`site_id`) values (22,'180.215.151.141',NULL,'password','2011-03-16 12:52:02','2011-03-16 12:52:02','2011-03-16 12:52:02',1,'180.215.151.141','','0000-00-00','',0,'',4);
insert  into `users`(`uid`,`username`,`email`,`password`,`created`,`updated`,`lastlogin`,`status`,`name`,`profile_pic`,`dob`,`gender`,`timezone`,`location`,`site_id`) values (23,'180.214.135.226',NULL,'password','2011-03-16 13:03:36','2011-03-16 13:03:36','2011-03-16 13:03:36',1,'180.214.135.226','','0000-00-00','',0,'',4);
insert  into `users`(`uid`,`username`,`email`,`password`,`created`,`updated`,`lastlogin`,`status`,`name`,`profile_pic`,`dob`,`gender`,`timezone`,`location`,`site_id`) values (24,'66.220.149.244',NULL,'password','2011-03-16 13:05:04','2011-03-16 23:41:12','2011-03-16 23:41:12',1,'66.220.149.244','','0000-00-00','',0,'',4);
insert  into `users`(`uid`,`username`,`email`,`password`,`created`,`updated`,`lastlogin`,`status`,`name`,`profile_pic`,`dob`,`gender`,`timezone`,`location`,`site_id`) values (25,'92.52.91.200',NULL,'password','2011-03-16 13:05:58','2011-03-16 13:05:58','2011-03-16 13:05:58',1,'92.52.91.200','','0000-00-00','',0,'',4);
insert  into `users`(`uid`,`username`,`email`,`password`,`created`,`updated`,`lastlogin`,`status`,`name`,`profile_pic`,`dob`,`gender`,`timezone`,`location`,`site_id`) values (26,NULL,'rajveer198708@gmail.com',NULL,'2011-03-16 13:06:37','2011-03-16 13:06:37','2011-03-16 13:06:37',1,'Raju Sachdev','https://graph.facebook.com/100001997589914/picture?type=large','1987-06-08','male',5.5,'Ahmedabad, India',4);
insert  into `users`(`uid`,`username`,`email`,`password`,`created`,`updated`,`lastlogin`,`status`,`name`,`profile_pic`,`dob`,`gender`,`timezone`,`location`,`site_id`) values (27,'66.220.149.250',NULL,'password','2011-03-16 13:08:26','2011-03-16 13:08:26','2011-03-16 13:08:26',1,'66.220.149.250','','0000-00-00','',0,'',4);
insert  into `users`(`uid`,`username`,`email`,`password`,`created`,`updated`,`lastlogin`,`status`,`name`,`profile_pic`,`dob`,`gender`,`timezone`,`location`,`site_id`) values (28,'83.138.185.225',NULL,'password','2011-03-16 13:13:47','2011-03-16 13:13:48','2011-03-16 13:13:48',1,'83.138.185.225','','0000-00-00','',0,'',4);
insert  into `users`(`uid`,`username`,`email`,`password`,`created`,`updated`,`lastlogin`,`status`,`name`,`profile_pic`,`dob`,`gender`,`timezone`,`location`,`site_id`) values (29,'117.215.65.249',NULL,'password','2011-03-16 13:14:19','2011-03-16 13:14:19','2011-03-16 13:14:19',1,'117.215.65.249','','0000-00-00','',0,'',4);
insert  into `users`(`uid`,`username`,`email`,`password`,`created`,`updated`,`lastlogin`,`status`,`name`,`profile_pic`,`dob`,`gender`,`timezone`,`location`,`site_id`) values (30,NULL,'hitesh1251989@gmail.com',NULL,'2011-03-16 13:15:24','2011-03-16 13:15:24','2011-03-16 13:15:24',1,'Hitesh Jhala','https://graph.facebook.com/100001859421446/picture?type=large','1989-05-12','male',5.5,'Kalyan, India',4);
insert  into `users`(`uid`,`username`,`email`,`password`,`created`,`updated`,`lastlogin`,`status`,`name`,`profile_pic`,`dob`,`gender`,`timezone`,`location`,`site_id`) values (31,'89.234.55.199',NULL,'password','2011-03-16 13:19:21','2011-03-17 01:22:08','2011-03-17 01:22:08',1,'89.234.55.199','','0000-00-00','',0,'',4);
insert  into `users`(`uid`,`username`,`email`,`password`,`created`,`updated`,`lastlogin`,`status`,`name`,`profile_pic`,`dob`,`gender`,`timezone`,`location`,`site_id`) values (32,'94.236.123.135',NULL,'password','2011-03-16 13:20:46','2011-03-16 13:20:46','2011-03-16 13:20:46',1,'94.236.123.135','','0000-00-00','',0,'',4);
insert  into `users`(`uid`,`username`,`email`,`password`,`created`,`updated`,`lastlogin`,`status`,`name`,`profile_pic`,`dob`,`gender`,`timezone`,`location`,`site_id`) values (33,'114.79.153.221',NULL,'password','2011-03-16 13:26:52','2011-03-16 13:26:52','2011-03-16 13:26:52',1,'114.79.153.221','','0000-00-00','',0,'',4);
insert  into `users`(`uid`,`username`,`email`,`password`,`created`,`updated`,`lastlogin`,`status`,`name`,`profile_pic`,`dob`,`gender`,`timezone`,`location`,`site_id`) values (34,'27.107.206.33',NULL,'password','2011-03-16 13:43:57','2011-03-16 13:43:57','2011-03-16 13:43:57',1,'27.107.206.33','','0000-00-00','',0,'',4);
insert  into `users`(`uid`,`username`,`email`,`password`,`created`,`updated`,`lastlogin`,`status`,`name`,`profile_pic`,`dob`,`gender`,`timezone`,`location`,`site_id`) values (35,'80.239.242.200',NULL,'password','2011-03-16 13:51:51','2011-03-16 13:51:51','2011-03-16 13:51:51',1,'80.239.242.200','','0000-00-00','',0,'',4);
insert  into `users`(`uid`,`username`,`email`,`password`,`created`,`updated`,`lastlogin`,`status`,`name`,`profile_pic`,`dob`,`gender`,`timezone`,`location`,`site_id`) values (36,'115.117.159.170',NULL,'password','2011-03-16 13:54:50','2011-03-16 13:54:50','2011-03-16 13:54:50',1,'115.117.159.170','','0000-00-00','',0,'',4);
insert  into `users`(`uid`,`username`,`email`,`password`,`created`,`updated`,`lastlogin`,`status`,`name`,`profile_pic`,`dob`,`gender`,`timezone`,`location`,`site_id`) values (37,'80.239.242.149',NULL,'password','2011-03-16 13:55:02','2011-03-16 13:55:02','2011-03-16 13:55:02',1,'80.239.242.149','','0000-00-00','',0,'',4);
insert  into `users`(`uid`,`username`,`email`,`password`,`created`,`updated`,`lastlogin`,`status`,`name`,`profile_pic`,`dob`,`gender`,`timezone`,`location`,`site_id`) values (38,'80.239.243.164',NULL,'password','2011-03-16 14:09:20','2011-03-16 14:09:20','2011-03-16 14:09:20',1,'80.239.243.164','','0000-00-00','',0,'',4);
insert  into `users`(`uid`,`username`,`email`,`password`,`created`,`updated`,`lastlogin`,`status`,`name`,`profile_pic`,`dob`,`gender`,`timezone`,`location`,`site_id`) values (39,'80.239.243.11',NULL,'password','2011-03-16 14:10:31','2011-03-16 14:10:31','2011-03-16 14:10:31',1,'80.239.243.11','','0000-00-00','',0,'',4);
insert  into `users`(`uid`,`username`,`email`,`password`,`created`,`updated`,`lastlogin`,`status`,`name`,`profile_pic`,`dob`,`gender`,`timezone`,`location`,`site_id`) values (40,'207.46.195.232',NULL,'password','2011-03-16 14:11:47','2011-03-16 14:11:47','2011-03-16 14:11:47',1,'207.46.195.232','','0000-00-00','',0,'',4);
insert  into `users`(`uid`,`username`,`email`,`password`,`created`,`updated`,`lastlogin`,`status`,`name`,`profile_pic`,`dob`,`gender`,`timezone`,`location`,`site_id`) values (41,'49.200.233.228',NULL,'password','2011-03-16 14:11:52','2011-03-16 14:11:52','2011-03-16 14:11:52',1,'49.200.233.228','','0000-00-00','',0,'',4);
insert  into `users`(`uid`,`username`,`email`,`password`,`created`,`updated`,`lastlogin`,`status`,`name`,`profile_pic`,`dob`,`gender`,`timezone`,`location`,`site_id`) values (42,'1.38.13.4',NULL,'password','2011-03-16 14:14:15','2011-03-16 14:14:19','2011-03-16 14:14:19',1,'1.38.13.4','','0000-00-00','',0,'',4);
insert  into `users`(`uid`,`username`,`email`,`password`,`created`,`updated`,`lastlogin`,`status`,`name`,`profile_pic`,`dob`,`gender`,`timezone`,`location`,`site_id`) values (43,'59.92.252.212',NULL,'password','2011-03-16 14:14:26','2011-03-16 14:14:26','2011-03-16 14:14:26',1,'59.92.252.212','','0000-00-00','',0,'',4);
insert  into `users`(`uid`,`username`,`email`,`password`,`created`,`updated`,`lastlogin`,`status`,`name`,`profile_pic`,`dob`,`gender`,`timezone`,`location`,`site_id`) values (44,'124.124.228.209',NULL,'password','2011-03-16 14:14:32','2011-03-16 14:14:32','2011-03-16 14:14:32',1,'124.124.228.209','','0000-00-00','',0,'',4);
insert  into `users`(`uid`,`username`,`email`,`password`,`created`,`updated`,`lastlogin`,`status`,`name`,`profile_pic`,`dob`,`gender`,`timezone`,`location`,`site_id`) values (45,'80.84.1.19',NULL,'password','2011-03-16 14:14:57','2011-03-16 14:14:57','2011-03-16 14:14:57',1,'80.84.1.19','','0000-00-00','',0,'',4);
insert  into `users`(`uid`,`username`,`email`,`password`,`created`,`updated`,`lastlogin`,`status`,`name`,`profile_pic`,`dob`,`gender`,`timezone`,`location`,`site_id`) values (46,NULL,'tushar_2000_in_in@yahoo.com',NULL,'2011-03-16 14:17:38','2011-03-16 14:17:38','2011-03-16 14:17:38',1,'Tushar Dhanwani','https://graph.facebook.com/100000105436834/picture?type=large','1981-11-25','male',5.5,'Mumbai, Maharashtra',4);
insert  into `users`(`uid`,`username`,`email`,`password`,`created`,`updated`,`lastlogin`,`status`,`name`,`profile_pic`,`dob`,`gender`,`timezone`,`location`,`site_id`) values (47,'66.220.149.245',NULL,'password','2011-03-16 14:18:04','2011-03-16 14:18:04','2011-03-16 14:18:04',1,'66.220.149.245','','0000-00-00','',0,'',4);
insert  into `users`(`uid`,`username`,`email`,`password`,`created`,`updated`,`lastlogin`,`status`,`name`,`profile_pic`,`dob`,`gender`,`timezone`,`location`,`site_id`) values (48,'220.227.216.174',NULL,'password','2011-03-16 14:18:13','2011-03-16 14:18:13','2011-03-16 14:18:13',1,'220.227.216.174','','0000-00-00','',0,'',4);
insert  into `users`(`uid`,`username`,`email`,`password`,`created`,`updated`,`lastlogin`,`status`,`name`,`profile_pic`,`dob`,`gender`,`timezone`,`location`,`site_id`) values (49,'80.239.243.212',NULL,'password','2011-03-16 14:18:20','2011-03-16 14:18:20','2011-03-16 14:18:20',1,'80.239.243.212','','0000-00-00','',0,'',4);
insert  into `users`(`uid`,`username`,`email`,`password`,`created`,`updated`,`lastlogin`,`status`,`name`,`profile_pic`,`dob`,`gender`,`timezone`,`location`,`site_id`) values (50,'115.97.96.105',NULL,'password','2011-03-16 14:19:59','2011-03-16 14:19:59','2011-03-16 14:19:59',1,'115.97.96.105','','0000-00-00','',0,'',4);
insert  into `users`(`uid`,`username`,`email`,`password`,`created`,`updated`,`lastlogin`,`status`,`name`,`profile_pic`,`dob`,`gender`,`timezone`,`location`,`site_id`) values (51,'94.236.123.134',NULL,'password','2011-03-16 14:20:05','2011-03-16 14:20:06','2011-03-16 14:20:06',1,'94.236.123.134','','0000-00-00','',0,'',4);
insert  into `users`(`uid`,`username`,`email`,`password`,`created`,`updated`,`lastlogin`,`status`,`name`,`profile_pic`,`dob`,`gender`,`timezone`,`location`,`site_id`) values (52,NULL,'girishtalreja@ymail.com',NULL,'2011-03-16 14:23:50','2011-03-16 14:23:50','2011-03-16 14:23:50',1,'Giri Talreja','https://graph.facebook.com/100001079079211/picture?type=large','1989-11-27','male',-5,'Mumbai, Maharashtra',4);
insert  into `users`(`uid`,`username`,`email`,`password`,`created`,`updated`,`lastlogin`,`status`,`name`,`profile_pic`,`dob`,`gender`,`timezone`,`location`,`site_id`) values (53,'101.2.32.51',NULL,'password','2011-03-16 14:24:40','2011-03-16 14:24:40','2011-03-16 14:24:40',1,'101.2.32.51','','0000-00-00','',0,'',4);
insert  into `users`(`uid`,`username`,`email`,`password`,`created`,`updated`,`lastlogin`,`status`,`name`,`profile_pic`,`dob`,`gender`,`timezone`,`location`,`site_id`) values (54,'94.236.123.131',NULL,'password','2011-03-16 14:24:42','2011-03-16 16:05:34','2011-03-16 16:05:34',1,'94.236.123.131','','0000-00-00','',0,'',4);
insert  into `users`(`uid`,`username`,`email`,`password`,`created`,`updated`,`lastlogin`,`status`,`name`,`profile_pic`,`dob`,`gender`,`timezone`,`location`,`site_id`) values (55,'80.239.242.69',NULL,'password','2011-03-16 14:25:18','2011-03-16 14:25:18','2011-03-16 14:25:18',1,'80.239.242.69','','0000-00-00','',0,'',4);
insert  into `users`(`uid`,`username`,`email`,`password`,`created`,`updated`,`lastlogin`,`status`,`name`,`profile_pic`,`dob`,`gender`,`timezone`,`location`,`site_id`) values (56,'93.186.23.80',NULL,'password','2011-03-16 14:27:09','2011-03-16 14:27:09','2011-03-16 14:27:09',1,'93.186.23.80','','0000-00-00','',0,'',4);
insert  into `users`(`uid`,`username`,`email`,`password`,`created`,`updated`,`lastlogin`,`status`,`name`,`profile_pic`,`dob`,`gender`,`timezone`,`location`,`site_id`) values (57,'115.246.22.235',NULL,'password','2011-03-16 14:31:21','2011-03-16 14:31:21','2011-03-16 14:31:21',1,'115.246.22.235','','0000-00-00','',0,'',4);
insert  into `users`(`uid`,`username`,`email`,`password`,`created`,`updated`,`lastlogin`,`status`,`name`,`profile_pic`,`dob`,`gender`,`timezone`,`location`,`site_id`) values (58,NULL,'rock_rocky43@yahoo.com',NULL,'2011-03-16 14:34:36','2011-03-16 14:41:11','2011-03-16 14:41:11',1,'Rock Ash','https://graph.facebook.com/100000864258717/picture?type=large','1985-09-15','male',5.5,NULL,4);
insert  into `users`(`uid`,`username`,`email`,`password`,`created`,`updated`,`lastlogin`,`status`,`name`,`profile_pic`,`dob`,`gender`,`timezone`,`location`,`site_id`) values (59,'66.220.146.247',NULL,'password','2011-03-16 14:42:10','2011-03-16 14:42:10','2011-03-16 14:42:10',1,'66.220.146.247','','0000-00-00','',0,'',4);
insert  into `users`(`uid`,`username`,`email`,`password`,`created`,`updated`,`lastlogin`,`status`,`name`,`profile_pic`,`dob`,`gender`,`timezone`,`location`,`site_id`) values (60,'115.246.20.5',NULL,'password','2011-03-16 14:43:23','2011-03-16 14:43:23','2011-03-16 14:43:23',1,'115.246.20.5','','0000-00-00','',0,'',4);
insert  into `users`(`uid`,`username`,`email`,`password`,`created`,`updated`,`lastlogin`,`status`,`name`,`profile_pic`,`dob`,`gender`,`timezone`,`location`,`site_id`) values (61,'49.136.42.161',NULL,'password','2011-03-16 14:46:43','2011-03-16 14:46:43','2011-03-16 14:46:43',1,'49.136.42.161','','0000-00-00','',0,'',4);
insert  into `users`(`uid`,`username`,`email`,`password`,`created`,`updated`,`lastlogin`,`status`,`name`,`profile_pic`,`dob`,`gender`,`timezone`,`location`,`site_id`) values (62,'80.239.243.50',NULL,'password','2011-03-16 14:47:07','2011-03-16 14:47:07','2011-03-16 14:47:07',1,'80.239.243.50','','0000-00-00','',0,'',4);
insert  into `users`(`uid`,`username`,`email`,`password`,`created`,`updated`,`lastlogin`,`status`,`name`,`profile_pic`,`dob`,`gender`,`timezone`,`location`,`site_id`) values (63,'82.145.209.20',NULL,'password','2011-03-16 14:47:46','2011-03-16 14:47:46','2011-03-16 14:47:46',1,'82.145.209.20','','0000-00-00','',0,'',4);
insert  into `users`(`uid`,`username`,`email`,`password`,`created`,`updated`,`lastlogin`,`status`,`name`,`profile_pic`,`dob`,`gender`,`timezone`,`location`,`site_id`) values (64,'216.38.216.220',NULL,'password','2011-03-16 14:54:07','2011-03-16 14:54:15','2011-03-16 14:54:15',1,'216.38.216.220','','0000-00-00','',0,'',4);
insert  into `users`(`uid`,`username`,`email`,`password`,`created`,`updated`,`lastlogin`,`status`,`name`,`profile_pic`,`dob`,`gender`,`timezone`,`location`,`site_id`) values (65,'1.38.12.20',NULL,'password','2011-03-16 15:06:48','2011-03-16 15:06:48','2011-03-16 15:06:48',1,'1.38.12.20','','0000-00-00','',0,'',4);
insert  into `users`(`uid`,`username`,`email`,`password`,`created`,`updated`,`lastlogin`,`status`,`name`,`profile_pic`,`dob`,`gender`,`timezone`,`location`,`site_id`) values (66,'203.109.101.106',NULL,'password','2011-03-16 15:22:37','2011-03-16 15:22:37','2011-03-16 15:22:37',1,'203.109.101.106','','0000-00-00','',0,'',4);
insert  into `users`(`uid`,`username`,`email`,`password`,`created`,`updated`,`lastlogin`,`status`,`name`,`profile_pic`,`dob`,`gender`,`timezone`,`location`,`site_id`) values (67,'114.31.150.140',NULL,'password','2011-03-16 15:32:22','2011-03-16 15:32:22','2011-03-16 15:32:22',1,'114.31.150.140','','0000-00-00','',0,'',4);
insert  into `users`(`uid`,`username`,`email`,`password`,`created`,`updated`,`lastlogin`,`status`,`name`,`profile_pic`,`dob`,`gender`,`timezone`,`location`,`site_id`) values (68,'202.138.127.160',NULL,'password','2011-03-16 15:43:37','2011-03-16 15:43:37','2011-03-16 15:43:37',1,'202.138.127.160','','0000-00-00','',0,'',4);
insert  into `users`(`uid`,`username`,`email`,`password`,`created`,`updated`,`lastlogin`,`status`,`name`,`profile_pic`,`dob`,`gender`,`timezone`,`location`,`site_id`) values (69,'182.48.252.147',NULL,'password','2011-03-16 16:02:32','2011-03-16 16:02:32','2011-03-16 16:02:32',1,'182.48.252.147','','0000-00-00','',0,'',4);
insert  into `users`(`uid`,`username`,`email`,`password`,`created`,`updated`,`lastlogin`,`status`,`name`,`profile_pic`,`dob`,`gender`,`timezone`,`location`,`site_id`) values (70,'125.99.118.67',NULL,'password','2011-03-16 16:09:51','2011-03-16 16:09:51','2011-03-16 16:09:51',1,'125.99.118.67','','0000-00-00','',0,'',4);
insert  into `users`(`uid`,`username`,`email`,`password`,`created`,`updated`,`lastlogin`,`status`,`name`,`profile_pic`,`dob`,`gender`,`timezone`,`location`,`site_id`) values (71,'210.212.179.170',NULL,'password','2011-03-16 16:24:25','2011-03-16 16:24:25','2011-03-16 16:24:25',1,'210.212.179.170','','0000-00-00','',0,'',4);
insert  into `users`(`uid`,`username`,`email`,`password`,`created`,`updated`,`lastlogin`,`status`,`name`,`profile_pic`,`dob`,`gender`,`timezone`,`location`,`site_id`) values (72,'120.56.182.191',NULL,'password','2011-03-16 16:54:40','2011-03-16 16:54:40','2011-03-16 16:54:40',1,'120.56.182.191','','0000-00-00','',0,'',4);
insert  into `users`(`uid`,`username`,`email`,`password`,`created`,`updated`,`lastlogin`,`status`,`name`,`profile_pic`,`dob`,`gender`,`timezone`,`location`,`site_id`) values (73,'117.196.39.163',NULL,'password','2011-03-16 16:55:37','2011-03-16 16:55:37','2011-03-16 16:55:37',1,'117.196.39.163','','0000-00-00','',0,'',4);
insert  into `users`(`uid`,`username`,`email`,`password`,`created`,`updated`,`lastlogin`,`status`,`name`,`profile_pic`,`dob`,`gender`,`timezone`,`location`,`site_id`) values (74,'1.38.100.179',NULL,'password','2011-03-16 17:03:19','2011-03-16 17:03:19','2011-03-16 17:03:19',1,'1.38.100.179','','0000-00-00','',0,'',4);
insert  into `users`(`uid`,`username`,`email`,`password`,`created`,`updated`,`lastlogin`,`status`,`name`,`profile_pic`,`dob`,`gender`,`timezone`,`location`,`site_id`) values (75,'124.125.242.184',NULL,'password','2011-03-16 17:35:40','2011-03-16 17:35:40','2011-03-16 17:35:40',1,'124.125.242.184','','0000-00-00','',0,'',4);
insert  into `users`(`uid`,`username`,`email`,`password`,`created`,`updated`,`lastlogin`,`status`,`name`,`profile_pic`,`dob`,`gender`,`timezone`,`location`,`site_id`) values (76,'94.236.24.152',NULL,'password','2011-03-16 18:17:01','2011-03-16 18:17:03','2011-03-16 18:17:03',1,'94.236.24.152','','0000-00-00','',0,'',4);
insert  into `users`(`uid`,`username`,`email`,`password`,`created`,`updated`,`lastlogin`,`status`,`name`,`profile_pic`,`dob`,`gender`,`timezone`,`location`,`site_id`) values (77,'182.156.138.166',NULL,'password','2011-03-16 18:17:19','2011-03-16 18:17:19','2011-03-16 18:17:19',1,'182.156.138.166','','0000-00-00','',0,'',4);
insert  into `users`(`uid`,`username`,`email`,`password`,`created`,`updated`,`lastlogin`,`status`,`name`,`profile_pic`,`dob`,`gender`,`timezone`,`location`,`site_id`) values (78,'119.155.19.254',NULL,'password','2011-03-16 21:48:26','2011-03-16 21:48:26','2011-03-16 21:48:26',1,'119.155.19.254','','0000-00-00','',0,'',4);
insert  into `users`(`uid`,`username`,`email`,`password`,`created`,`updated`,`lastlogin`,`status`,`name`,`profile_pic`,`dob`,`gender`,`timezone`,`location`,`site_id`) values (79,'110.226.168.150',NULL,'password','2011-03-16 21:49:42','2011-03-16 21:49:42','2011-03-16 21:49:42',1,'110.226.168.150','','0000-00-00','',0,'',4);
insert  into `users`(`uid`,`username`,`email`,`password`,`created`,`updated`,`lastlogin`,`status`,`name`,`profile_pic`,`dob`,`gender`,`timezone`,`location`,`site_id`) values (80,'115.69.159.213',NULL,'password','2011-03-16 22:30:44','2011-03-16 22:30:44','2011-03-16 22:30:44',1,'115.69.159.213','','0000-00-00','',0,'',4);
insert  into `users`(`uid`,`username`,`email`,`password`,`created`,`updated`,`lastlogin`,`status`,`name`,`profile_pic`,`dob`,`gender`,`timezone`,`location`,`site_id`) values (81,'80.239.243.224',NULL,'password','2011-03-16 22:34:01','2011-03-16 22:34:01','2011-03-16 22:34:01',1,'80.239.243.224','','0000-00-00','',0,'',4);
insert  into `users`(`uid`,`username`,`email`,`password`,`created`,`updated`,`lastlogin`,`status`,`name`,`profile_pic`,`dob`,`gender`,`timezone`,`location`,`site_id`) values (82,'182.237.130.240',NULL,'password','2011-03-16 22:51:02','2011-03-16 22:51:02','2011-03-16 22:51:02',1,'182.237.130.240','','0000-00-00','',0,'',4);
insert  into `users`(`uid`,`username`,`email`,`password`,`created`,`updated`,`lastlogin`,`status`,`name`,`profile_pic`,`dob`,`gender`,`timezone`,`location`,`site_id`) values (83,'115.242.31.42',NULL,'password','2011-03-16 22:56:44','2011-03-16 22:56:44','2011-03-16 22:56:44',1,'115.242.31.42','','0000-00-00','',0,'',4);
insert  into `users`(`uid`,`username`,`email`,`password`,`created`,`updated`,`lastlogin`,`status`,`name`,`profile_pic`,`dob`,`gender`,`timezone`,`location`,`site_id`) values (84,'118.95.79.151',NULL,'password','2011-03-16 22:57:32','2011-03-16 22:57:32','2011-03-16 22:57:32',1,'118.95.79.151','','0000-00-00','',0,'',4);
insert  into `users`(`uid`,`username`,`email`,`password`,`created`,`updated`,`lastlogin`,`status`,`name`,`profile_pic`,`dob`,`gender`,`timezone`,`location`,`site_id`) values (85,NULL,'nughunki@gmail.com',NULL,'2011-03-16 22:58:20','2011-03-16 22:58:20','2011-03-16 22:58:20',1,'Siddh Ghunkikar','https://graph.facebook.com/100001471914390/picture?type=large','1988-07-10','male',5.5,'Kolhar, Maharashtra, India',4);
insert  into `users`(`uid`,`username`,`email`,`password`,`created`,`updated`,`lastlogin`,`status`,`name`,`profile_pic`,`dob`,`gender`,`timezone`,`location`,`site_id`) values (86,'164.100.1.81',NULL,'password','2011-03-16 23:01:40','2011-03-16 23:01:40','2011-03-16 23:01:40',1,'164.100.1.81','','0000-00-00','',0,'',4);
insert  into `users`(`uid`,`username`,`email`,`password`,`created`,`updated`,`lastlogin`,`status`,`name`,`profile_pic`,`dob`,`gender`,`timezone`,`location`,`site_id`) values (87,'80.239.243.174',NULL,'password','2011-03-16 23:02:33','2011-03-16 23:02:33','2011-03-16 23:02:33',1,'80.239.243.174','','0000-00-00','',0,'',4);
insert  into `users`(`uid`,`username`,`email`,`password`,`created`,`updated`,`lastlogin`,`status`,`name`,`profile_pic`,`dob`,`gender`,`timezone`,`location`,`site_id`) values (88,'113.20.17.161',NULL,'password','2011-03-16 23:02:53','2011-03-16 23:02:53','2011-03-16 23:02:53',1,'113.20.17.161','','0000-00-00','',0,'',4);
insert  into `users`(`uid`,`username`,`email`,`password`,`created`,`updated`,`lastlogin`,`status`,`name`,`profile_pic`,`dob`,`gender`,`timezone`,`location`,`site_id`) values (89,NULL,'rajesh.kathait08@gmail.com',NULL,'2011-03-16 23:03:53','2011-03-16 23:14:49','2011-03-16 23:14:49',1,'Rajesh Kumar','https://graph.facebook.com/1587392989/picture?type=large','1974-03-24','male',5.5,NULL,4);
insert  into `users`(`uid`,`username`,`email`,`password`,`created`,`updated`,`lastlogin`,`status`,`name`,`profile_pic`,`dob`,`gender`,`timezone`,`location`,`site_id`) values (90,'216.104.15.134',NULL,'password','2011-03-16 23:07:18','2011-03-16 23:07:18','2011-03-16 23:07:18',1,'216.104.15.134','','0000-00-00','',0,'',4);
insert  into `users`(`uid`,`username`,`email`,`password`,`created`,`updated`,`lastlogin`,`status`,`name`,`profile_pic`,`dob`,`gender`,`timezone`,`location`,`site_id`) values (91,'94.98.71.208',NULL,'password','2011-03-16 23:08:14','2011-03-16 23:08:14','2011-03-16 23:08:14',1,'94.98.71.208','','0000-00-00','',0,'',4);
insert  into `users`(`uid`,`username`,`email`,`password`,`created`,`updated`,`lastlogin`,`status`,`name`,`profile_pic`,`dob`,`gender`,`timezone`,`location`,`site_id`) values (92,'150.70.75.36',NULL,'password','2011-03-16 23:12:23','2011-03-16 23:12:23','2011-03-16 23:12:23',1,'150.70.75.36','','0000-00-00','',0,'',4);
insert  into `users`(`uid`,`username`,`email`,`password`,`created`,`updated`,`lastlogin`,`status`,`name`,`profile_pic`,`dob`,`gender`,`timezone`,`location`,`site_id`) values (93,'118.102.183.46',NULL,'password','2011-03-16 23:13:21','2011-03-16 23:13:21','2011-03-16 23:13:21',1,'118.102.183.46','','0000-00-00','',0,'',4);
insert  into `users`(`uid`,`username`,`email`,`password`,`created`,`updated`,`lastlogin`,`status`,`name`,`profile_pic`,`dob`,`gender`,`timezone`,`location`,`site_id`) values (94,'80.239.242.221',NULL,'password','2011-03-16 23:14:44','2011-03-16 23:14:44','2011-03-16 23:14:44',1,'80.239.242.221','','0000-00-00','',0,'',4);
insert  into `users`(`uid`,`username`,`email`,`password`,`created`,`updated`,`lastlogin`,`status`,`name`,`profile_pic`,`dob`,`gender`,`timezone`,`location`,`site_id`) values (95,'63.150.3.118',NULL,'password','2011-03-16 23:17:35','2011-03-17 04:10:11','2011-03-17 04:10:11',1,'63.150.3.118','','0000-00-00','',0,'',4);
insert  into `users`(`uid`,`username`,`email`,`password`,`created`,`updated`,`lastlogin`,`status`,`name`,`profile_pic`,`dob`,`gender`,`timezone`,`location`,`site_id`) values (96,'117.203.80.212',NULL,'password','2011-03-16 23:26:02','2011-03-16 23:26:02','2011-03-16 23:26:02',1,'117.203.80.212','','0000-00-00','',0,'',4);
insert  into `users`(`uid`,`username`,`email`,`password`,`created`,`updated`,`lastlogin`,`status`,`name`,`profile_pic`,`dob`,`gender`,`timezone`,`location`,`site_id`) values (97,'80.239.243.117',NULL,'password','2011-03-16 23:41:42','2011-03-16 23:41:42','2011-03-16 23:41:42',1,'80.239.243.117','','0000-00-00','',0,'',4);
insert  into `users`(`uid`,`username`,`email`,`password`,`created`,`updated`,`lastlogin`,`status`,`name`,`profile_pic`,`dob`,`gender`,`timezone`,`location`,`site_id`) values (98,'1.38.13.3',NULL,'password','2011-03-17 02:01:29','2011-03-17 02:01:29','2011-03-17 02:01:29',1,'1.38.13.3','','0000-00-00','',0,'',4);
insert  into `users`(`uid`,`username`,`email`,`password`,`created`,`updated`,`lastlogin`,`status`,`name`,`profile_pic`,`dob`,`gender`,`timezone`,`location`,`site_id`) values (99,'65.52.109.59',NULL,'password','2011-03-17 03:23:47','2011-03-17 03:23:47','2011-03-17 03:23:47',1,'65.52.109.59','','0000-00-00','',0,'',4);
insert  into `users`(`uid`,`username`,`email`,`password`,`created`,`updated`,`lastlogin`,`status`,`name`,`profile_pic`,`dob`,`gender`,`timezone`,`location`,`site_id`) values (100,'207.46.204.179',NULL,'password','2011-03-17 04:26:20','2011-03-17 04:26:20','2011-03-17 04:26:20',1,'207.46.204.179','','0000-00-00','',0,'',4);
insert  into `users`(`uid`,`username`,`email`,`password`,`created`,`updated`,`lastlogin`,`status`,`name`,`profile_pic`,`dob`,`gender`,`timezone`,`location`,`site_id`) values (101,'207.46.13.146',NULL,'password','2011-03-17 05:23:26','2011-03-17 05:23:26','2011-03-17 05:23:26',1,'207.46.13.146','','0000-00-00','',0,'',4);

/*Table structure for table `users_connect` */

CREATE TABLE `users_connect` (
  `connect_id` int(11) NOT NULL auto_increment,
  `uid` int(11) default NULL,
  `connect_type_id` int(11) default NULL,
  `access_token` text,
  `extras` text,
  `connection_name` varchar(255) default NULL,
  `site_id` int(11) NOT NULL default '0',
  PRIMARY KEY  (`connect_id`)
) ENGINE=MyISAM AUTO_INCREMENT=102 DEFAULT CHARSET=utf8 CHECKSUM=1 DELAY_KEY_WRITE=1 ROW_FORMAT=DYNAMIC;

/*Data for the table `users_connect` */

insert  into `users_connect`(`connect_id`,`uid`,`connect_type_id`,`access_token`,`extras`,`connection_name`,`site_id`) values (1,1,1,'access_token=199968910028088|42386f93443f27d27790b319-748940976|SEswPsJPVCYYgQKm43EAf7oCBbs','a:15:{s:2:\"id\";s:9:\"748940976\";s:4:\"name\";s:19:\"Manish Khanchandani\";s:10:\"first_name\";s:6:\"Manish\";s:9:\"last_name\";s:12:\"Khanchandani\";s:4:\"link\";s:48:\"http://www.facebook.com/profile.php?id=748940976\";s:8:\"birthday\";s:10:\"06/05/1974\";s:8:\"location\";a:2:{s:2:\"id\";s:15:\"108288992526695\";s:4:\"name\";s:16:\"Orlando, Florida\";}s:6:\"gender\";s:4:\"male\";s:5:\"email\";s:28:\"naveenkhanchandani@gmail.com\";s:8:\"timezone\";i:-7;s:6:\"locale\";s:5:\"en_US\";s:8:\"verified\";b:1;s:12:\"updated_time\";s:24:\"2011-03-15T04:37:24+0000\";s:4:\"code\";s:62:\"42386f93443f27d27790b319-748940976|eeHFKYbDyxVjmo14ysd4TpzXKR0\";s:5:\"token\";s:91:\"access_token=199968910028088|42386f93443f27d27790b319-748940976|SEswPsJPVCYYgQKm43EAf7oCBbs\";}','748940976',4);
insert  into `users_connect`(`connect_id`,`uid`,`connect_type_id`,`access_token`,`extras`,`connection_name`,`site_id`) values (2,2,1,'access_token=199968910028088|486c44a6267605d576dfdb90-100001997163726|C6ESaYVIbLO3bbeb87a2Uac7tk0','a:17:{s:2:\"id\";s:15:\"100001997163726\";s:4:\"name\";s:17:\"Renu Khanchandani\";s:10:\"first_name\";s:4:\"Renu\";s:9:\"last_name\";s:12:\"Khanchandani\";s:4:\"link\";s:54:\"http://www.facebook.com/profile.php?id=100001997163726\";s:8:\"birthday\";s:10:\"02/18/1950\";s:8:\"hometown\";a:2:{s:2:\"id\";s:15:\"114759761873412\";s:4:\"name\";s:19:\"Mumbai, Maharashtra\";}s:8:\"location\";a:2:{s:2:\"id\";s:15:\"108288992526695\";s:4:\"name\";s:16:\"Orlando, Florida\";}s:4:\"work\";a:2:{i:0;a:2:{s:8:\"employer\";a:2:{s:2:\"id\";s:15:\"131742896857270\";s:4:\"name\";s:19:\"R K Talreja College\";}s:8:\"position\";a:2:{s:2:\"id\";s:15:\"108646729159110\";s:4:\"name\";s:8:\"Lecturer\";}}i:1;a:4:{s:8:\"employer\";a:2:{s:2:\"id\";s:15:\"131742896857270\";s:4:\"name\";s:19:\"R K Talreja College\";}s:8:\"location\";a:2:{s:2:\"id\";s:15:\"105547482811806\";s:4:\"name\";s:10:\"Ulhasnagar\";}s:8:\"position\";a:2:{s:2:\"id\";s:15:\"108646729159110\";s:4:\"name\";s:8:\"Lecturer\";}s:11:\"description\";s:10:\"Now in USA\";}}s:9:\"education\";a:1:{i:0;a:3:{s:6:\"school\";a:2:{s:2:\"id\";s:15:\"111950378821457\";s:4:\"name\";s:20:\"University of Mumbai\";}s:4:\"year\";a:2:{s:2:\"id\";s:15:\"137359399634412\";s:4:\"name\";s:4:\"2002\";}s:4:\"type\";s:7:\"College\";}}s:6:\"gender\";s:6:\"female\";s:5:\"email\";s:15:\"renu09@live.com\";s:8:\"timezone\";i:-6;s:6:\"locale\";s:5:\"en_US\";s:12:\"updated_time\";s:24:\"2011-03-16T03:48:00+0000\";s:4:\"code\";s:68:\"486c44a6267605d576dfdb90-100001997163726|i4U5AYS_GT07-P_VcykoTDl_Yxo\";s:5:\"token\";s:97:\"access_token=199968910028088|486c44a6267605d576dfdb90-100001997163726|C6ESaYVIbLO3bbeb87a2Uac7tk0\";}','100001997163726',4);
insert  into `users_connect`(`connect_id`,`uid`,`connect_type_id`,`access_token`,`extras`,`connection_name`,`site_id`) values (3,3,1,'access_token=199968910028088|10ddb6067d5c2caf12aa7d59-100000705379758|tmtEJTzOIiE9aG5nprJhmejysXY','a:14:{s:2:\"id\";s:15:\"100000705379758\";s:4:\"name\";s:19:\"Nikhil Khanchandani\";s:10:\"first_name\";s:6:\"Nikhil\";s:9:\"last_name\";s:12:\"Khanchandani\";s:4:\"link\";s:54:\"http://www.facebook.com/profile.php?id=100000705379758\";s:8:\"birthday\";s:10:\"04/07/1974\";s:6:\"gender\";s:4:\"male\";s:5:\"email\";s:28:\"nikhilkhanchandani@gmail.com\";s:8:\"timezone\";i:-7;s:6:\"locale\";s:5:\"en_US\";s:8:\"verified\";b:1;s:12:\"updated_time\";s:24:\"2011-03-16T03:49:25+0000\";s:4:\"code\";s:68:\"10ddb6067d5c2caf12aa7d59-100000705379758|2Tlm9f-FCoPpimIFMvHDN49yRqQ\";s:5:\"token\";s:97:\"access_token=199968910028088|10ddb6067d5c2caf12aa7d59-100000705379758|tmtEJTzOIiE9aG5nprJhmejysXY\";}','100000705379758',4);
insert  into `users_connect`(`connect_id`,`uid`,`connect_type_id`,`access_token`,`extras`,`connection_name`,`site_id`) values (4,4,1,'access_token=199968910028088|54e95b6fc7ca89ac5c5637e2-100001621737825|Fnfy8pJF9e9eciEn-GUrbe8jsfA','a:18:{s:2:\"id\";s:15:\"100001621737825\";s:4:\"name\";s:13:\"Nanda Badrani\";s:10:\"first_name\";s:5:\"Nanda\";s:9:\"last_name\";s:7:\"Badrani\";s:4:\"link\";s:54:\"http://www.facebook.com/profile.php?id=100001621737825\";s:8:\"birthday\";s:10:\"06/10/1986\";s:8:\"hometown\";a:2:{s:2:\"id\";s:15:\"105547482811806\";s:4:\"name\";s:10:\"Ulhasnagar\";}s:8:\"location\";a:2:{s:2:\"id\";s:15:\"105547482811806\";s:4:\"name\";s:10:\"Ulhasnagar\";}s:4:\"work\";a:1:{i:0;a:1:{s:8:\"employer\";a:2:{s:2:\"id\";s:15:\"109889685697979\";s:4:\"name\";s:4:\"Self\";}}}s:9:\"education\";a:2:{i:0;a:2:{s:6:\"school\";a:2:{s:2:\"id\";s:15:\"111784955507174\";s:4:\"name\";s:19:\"R.K.Talreja College\";}s:4:\"type\";s:7:\"College\";}i:1;a:2:{s:6:\"school\";a:2:{s:2:\"id\";s:15:\"106123029419435\";s:4:\"name\";s:19:\"New Era High School\";}s:4:\"type\";s:11:\"High School\";}}s:6:\"gender\";s:6:\"female\";s:5:\"email\";s:23:\"nanda.badrani@gmail.com\";s:8:\"timezone\";i:-7;s:6:\"locale\";s:5:\"en_US\";s:8:\"verified\";b:1;s:12:\"updated_time\";s:24:\"2011-03-15T04:40:57+0000\";s:4:\"code\";s:68:\"54e95b6fc7ca89ac5c5637e2-100001621737825|ya1fOe1F7ZJ8Y-uKVNnRosFXinU\";s:5:\"token\";s:97:\"access_token=199968910028088|54e95b6fc7ca89ac5c5637e2-100001621737825|Fnfy8pJF9e9eciEn-GUrbe8jsfA\";}','100001621737825',4);
insert  into `users_connect`(`connect_id`,`uid`,`connect_type_id`,`access_token`,`extras`,`connection_name`,`site_id`) values (5,5,1,'access_token=199968910028088|9ca03f41a0fb7e738e6b9d5e-100001627528251|VdLVPKYVh9FMKiwg6-NlwQQrR7M','a:16:{s:2:\"id\";s:15:\"100001627528251\";s:4:\"name\";s:11:\"Uma Shankar\";s:10:\"first_name\";s:3:\"Uma\";s:9:\"last_name\";s:7:\"Shankar\";s:4:\"link\";s:54:\"http://www.facebook.com/profile.php?id=100001627528251\";s:8:\"birthday\";s:10:\"01/01/1974\";s:8:\"hometown\";a:2:{s:2:\"id\";s:15:\"105547482811806\";s:4:\"name\";s:10:\"Ulhasnagar\";}s:8:\"location\";a:2:{s:2:\"id\";s:15:\"105547482811806\";s:4:\"name\";s:10:\"Ulhasnagar\";}s:6:\"gender\";s:4:\"male\";s:5:\"email\";s:25:\"ulhasnag@ulhasnagarfun.in\";s:8:\"timezone\";i:-7;s:6:\"locale\";s:5:\"en_US\";s:8:\"verified\";b:1;s:12:\"updated_time\";s:24:\"2011-03-16T06:01:46+0000\";s:4:\"code\";s:68:\"9ca03f41a0fb7e738e6b9d5e-100001627528251|MHLOA8LaIFj1YhEo_EjnpCYHuM8\";s:5:\"token\";s:97:\"access_token=199968910028088|9ca03f41a0fb7e738e6b9d5e-100001627528251|VdLVPKYVh9FMKiwg6-NlwQQrR7M\";}','100001627528251',4);
insert  into `users_connect`(`connect_id`,`uid`,`connect_type_id`,`access_token`,`extras`,`connection_name`,`site_id`) values (6,6,1,'access_token=199968910028088|4937e449b3fe48a883799fdb-100001965063090|_aYjBtzybXjnokdOOjpqwA_RvMQ','a:16:{s:2:\"id\";s:15:\"100001965063090\";s:4:\"name\";s:16:\"Sara Mulchandani\";s:10:\"first_name\";s:4:\"Sara\";s:9:\"last_name\";s:11:\"Mulchandani\";s:4:\"link\";s:54:\"http://www.facebook.com/profile.php?id=100001965063090\";s:8:\"birthday\";s:10:\"02/09/1984\";s:8:\"hometown\";a:2:{s:2:\"id\";s:15:\"133428256687031\";s:4:\"name\";s:22:\"Mumbai (Bombay), India\";}s:8:\"location\";a:2:{s:2:\"id\";s:15:\"133428256687031\";s:4:\"name\";s:22:\"Mumbai (Bombay), India\";}s:6:\"gender\";s:6:\"female\";s:5:\"email\";s:17:\"sara@mkgalaxy.com\";s:8:\"timezone\";i:-8;s:6:\"locale\";s:5:\"en_US\";s:8:\"verified\";b:1;s:12:\"updated_time\";s:24:\"2011-03-16T06:06:25+0000\";s:4:\"code\";s:68:\"4937e449b3fe48a883799fdb-100001965063090|yujGlad6fYL50gbSlTHxuglUxHE\";s:5:\"token\";s:97:\"access_token=199968910028088|4937e449b3fe48a883799fdb-100001965063090|_aYjBtzybXjnokdOOjpqwA_RvMQ\";}','100001965063090',4);
insert  into `users_connect`(`connect_id`,`uid`,`connect_type_id`,`access_token`,`extras`,`connection_name`,`site_id`) values (7,7,1,'access_token=199968910028088|2b3dd98a968c7a5aa1fdd756-100000198692067|-gKsSbVLcaPBZhUynkx3UDaDivw','a:19:{s:2:\"id\";s:15:\"100000198692067\";s:4:\"name\";s:14:\"Pradeep Sharma\";s:10:\"first_name\";s:7:\"Pradeep\";s:9:\"last_name\";s:6:\"Sharma\";s:4:\"link\";s:54:\"http://www.facebook.com/profile.php?id=100000198692067\";s:8:\"birthday\";s:10:\"10/15/1974\";s:8:\"hometown\";a:2:{s:2:\"id\";s:15:\"112307558780811\";s:4:\"name\";s:7:\"Lucknow\";}s:3:\"bio\";s:107:\"very keen observer,secular,progressive and highly rational, but very short tempered if things are illogical\";s:6:\"quotes\";s:115:\"we make them cry who care for us.we cry for those who never care for us and we care for those who never cry for us.\";s:4:\"work\";a:1:{i:0;a:5:{s:8:\"employer\";a:2:{s:2:\"id\";s:15:\"104999849540322\";s:4:\"name\";s:12:\"SHIA COLLEGE\";}s:8:\"location\";a:2:{s:2:\"id\";s:15:\"112307558780811\";s:4:\"name\";s:7:\"Lucknow\";}s:8:\"position\";a:2:{s:2:\"id\";s:15:\"205759116104101\";s:4:\"name\";s:30:\"coordinator mass communication\";}s:10:\"start_date\";s:7:\"2002-04\";s:8:\"end_date\";s:7:\"0000-00\";}}s:9:\"education\";a:3:{i:0;a:2:{s:6:\"school\";a:2:{s:2:\"id\";s:15:\"108098289223118\";s:4:\"name\";s:18:\"lucknow university\";}s:4:\"type\";s:15:\"Graduate School\";}i:1;a:4:{s:6:\"school\";a:2:{s:2:\"id\";s:15:\"108098289223118\";s:4:\"name\";s:18:\"lucknow university\";}s:4:\"year\";a:2:{s:2:\"id\";s:15:\"137409666290034\";s:4:\"name\";s:4:\"1995\";}s:13:\"concentration\";a:3:{i:0;a:2:{s:2:\"id\";s:15:\"184433288264988\";s:4:\"name\";s:22:\"process of interaction\";}i:1;a:2:{s:2:\"id\";s:15:\"191375680894447\";s:4:\"name\";s:41:\"theoritical orientation , media reasearch\";}i:2;a:2:{s:2:\"id\";s:15:\"182634891774432\";s:4:\"name\";s:14:\"Radical Theory\";}}s:4:\"type\";s:7:\"College\";}i:2;a:3:{s:6:\"school\";a:2:{s:2:\"id\";s:15:\"110899835601855\";s:4:\"name\";s:8:\"up board\";}s:4:\"year\";a:2:{s:2:\"id\";s:15:\"112936752090738\";s:4:\"name\";s:4:\"1989\";}s:4:\"type\";s:11:\"High School\";}}s:6:\"gender\";s:4:\"male\";s:5:\"email\";s:25:\"pradeep_sha15@yahoo.co.in\";s:8:\"timezone\";d:5.5;s:6:\"locale\";s:5:\"en_US\";s:8:\"verified\";b:1;s:12:\"updated_time\";s:24:\"2011-03-16T06:24:46+0000\";s:4:\"code\";s:68:\"2b3dd98a968c7a5aa1fdd756-100000198692067|8uxvhN69ym5hfpgPzoYT_NT6F7c\";s:5:\"token\";s:97:\"access_token=199968910028088|2b3dd98a968c7a5aa1fdd756-100000198692067|-gKsSbVLcaPBZhUynkx3UDaDivw\";}','100000198692067',4);
insert  into `users_connect`(`connect_id`,`uid`,`connect_type_id`,`access_token`,`extras`,`connection_name`,`site_id`) values (8,8,1,'access_token=199968910028088|befee77fa96df9d9d34a8306-100001647310795|hWwBj0q3U5Xbycwx6hL8dh1xg1Y','a:13:{s:2:\"id\";s:15:\"100001647310795\";s:4:\"name\";s:12:\"Onehere Here\";s:10:\"first_name\";s:7:\"Onehere\";s:9:\"last_name\";s:4:\"Here\";s:4:\"link\";s:54:\"http://www.facebook.com/profile.php?id=100001647310795\";s:8:\"birthday\";s:10:\"01/01/1974\";s:6:\"gender\";s:4:\"male\";s:5:\"email\";s:16:\"one@mkgalaxy.com\";s:8:\"timezone\";i:-8;s:6:\"locale\";s:5:\"en_US\";s:12:\"updated_time\";s:24:\"2011-03-16T06:40:04+0000\";s:4:\"code\";s:68:\"befee77fa96df9d9d34a8306-100001647310795|47HL8AP1mfb_j5rnuLdy76A32lo\";s:5:\"token\";s:97:\"access_token=199968910028088|befee77fa96df9d9d34a8306-100001647310795|hWwBj0q3U5Xbycwx6hL8dh1xg1Y\";}','100001647310795',4);
insert  into `users_connect`(`connect_id`,`uid`,`connect_type_id`,`access_token`,`extras`,`connection_name`,`site_id`) values (9,9,4,'','a:1:{s:2:\"id\";s:14:\"117.196.160.15\";}','117.196.160.15',4);
insert  into `users_connect`(`connect_id`,`uid`,`connect_type_id`,`access_token`,`extras`,`connection_name`,`site_id`) values (10,10,4,'','a:1:{s:2:\"id\";s:13:\"76.102.41.102\";}','76.102.41.102',4);
insert  into `users_connect`(`connect_id`,`uid`,`connect_type_id`,`access_token`,`extras`,`connection_name`,`site_id`) values (11,11,4,'','a:1:{s:2:\"id\";s:15:\"180.188.254.245\";}','180.188.254.245',4);
insert  into `users_connect`(`connect_id`,`uid`,`connect_type_id`,`access_token`,`extras`,`connection_name`,`site_id`) values (12,12,4,'','a:1:{s:2:\"id\";s:14:\"80.239.243.158\";}','80.239.243.158',4);
insert  into `users_connect`(`connect_id`,`uid`,`connect_type_id`,`access_token`,`extras`,`connection_name`,`site_id`) values (13,13,4,'','a:1:{s:2:\"id\";s:9:\"1.38.14.3\";}','1.38.14.3',4);
insert  into `users_connect`(`connect_id`,`uid`,`connect_type_id`,`access_token`,`extras`,`connection_name`,`site_id`) values (14,14,4,'','a:1:{s:2:\"id\";s:12:\"27.106.38.59\";}','27.106.38.59',4);
insert  into `users_connect`(`connect_id`,`uid`,`connect_type_id`,`access_token`,`extras`,`connection_name`,`site_id`) values (15,15,4,'','a:1:{s:2:\"id\";s:14:\"117.215.64.178\";}','117.215.64.178',4);
insert  into `users_connect`(`connect_id`,`uid`,`connect_type_id`,`access_token`,`extras`,`connection_name`,`site_id`) values (16,16,4,'','a:1:{s:2:\"id\";s:12:\"121.244.73.4\";}','121.244.73.4',4);
insert  into `users_connect`(`connect_id`,`uid`,`connect_type_id`,`access_token`,`extras`,`connection_name`,`site_id`) values (17,17,4,'','a:1:{s:2:\"id\";s:13:\"119.27.62.254\";}','119.27.62.254',4);
insert  into `users_connect`(`connect_id`,`uid`,`connect_type_id`,`access_token`,`extras`,`connection_name`,`site_id`) values (18,18,4,'','a:1:{s:2:\"id\";s:13:\"59.161.254.21\";}','59.161.254.21',4);
insert  into `users_connect`(`connect_id`,`uid`,`connect_type_id`,`access_token`,`extras`,`connection_name`,`site_id`) values (19,19,4,'','a:1:{s:2:\"id\";s:11:\"65.52.2.153\";}','65.52.2.153',4);
insert  into `users_connect`(`connect_id`,`uid`,`connect_type_id`,`access_token`,`extras`,`connection_name`,`site_id`) values (20,20,4,'','a:1:{s:2:\"id\";s:12:\"92.52.91.205\";}','92.52.91.205',4);
insert  into `users_connect`(`connect_id`,`uid`,`connect_type_id`,`access_token`,`extras`,`connection_name`,`site_id`) values (21,21,4,'','a:1:{s:2:\"id\";s:12:\"65.52.108.12\";}','65.52.108.12',4);
insert  into `users_connect`(`connect_id`,`uid`,`connect_type_id`,`access_token`,`extras`,`connection_name`,`site_id`) values (22,22,4,'','a:1:{s:2:\"id\";s:15:\"180.215.151.141\";}','180.215.151.141',4);
insert  into `users_connect`(`connect_id`,`uid`,`connect_type_id`,`access_token`,`extras`,`connection_name`,`site_id`) values (23,23,4,'','a:1:{s:2:\"id\";s:15:\"180.214.135.226\";}','180.214.135.226',4);
insert  into `users_connect`(`connect_id`,`uid`,`connect_type_id`,`access_token`,`extras`,`connection_name`,`site_id`) values (24,24,4,'','a:1:{s:2:\"id\";s:14:\"66.220.149.244\";}','66.220.149.244',4);
insert  into `users_connect`(`connect_id`,`uid`,`connect_type_id`,`access_token`,`extras`,`connection_name`,`site_id`) values (25,25,4,'','a:1:{s:2:\"id\";s:12:\"92.52.91.200\";}','92.52.91.200',4);
insert  into `users_connect`(`connect_id`,`uid`,`connect_type_id`,`access_token`,`extras`,`connection_name`,`site_id`) values (26,26,1,'access_token=199968910028088|0826c18eafd1b7784fa1f26e-100001997589914|un9zQ97-hvORc5yjFSfsUhanzJk','a:17:{s:2:\"id\";s:15:\"100001997589914\";s:4:\"name\";s:12:\"Raju Sachdev\";s:10:\"first_name\";s:4:\"Raju\";s:9:\"last_name\";s:7:\"Sachdev\";s:4:\"link\";s:54:\"http://www.facebook.com/profile.php?id=100001997589914\";s:8:\"birthday\";s:10:\"06/08/1987\";s:8:\"location\";a:2:{s:2:\"id\";s:15:\"115440481803904\";s:4:\"name\";s:16:\"Ahmedabad, India\";}s:3:\"bio\";s:12:\"I LIKE MONEY\";s:14:\"favorite_teams\";a:1:{i:0;a:2:{s:2:\"id\";s:12:\"198358615428\";s:4:\"name\";s:14:\"Mumbai Indians\";}}s:6:\"gender\";s:4:\"male\";s:5:\"email\";s:23:\"rajveer198708@gmail.com\";s:8:\"timezone\";d:5.5;s:6:\"locale\";s:5:\"en_US\";s:8:\"verified\";b:1;s:12:\"updated_time\";s:24:\"2011-03-16T07:36:18+0000\";s:4:\"code\";s:68:\"0826c18eafd1b7784fa1f26e-100001997589914|L9mIvDJyMc21m7cVY333ohhr81I\";s:5:\"token\";s:97:\"access_token=199968910028088|0826c18eafd1b7784fa1f26e-100001997589914|un9zQ97-hvORc5yjFSfsUhanzJk\";}','100001997589914',4);
insert  into `users_connect`(`connect_id`,`uid`,`connect_type_id`,`access_token`,`extras`,`connection_name`,`site_id`) values (27,27,4,'','a:1:{s:2:\"id\";s:14:\"66.220.149.250\";}','66.220.149.250',4);
insert  into `users_connect`(`connect_id`,`uid`,`connect_type_id`,`access_token`,`extras`,`connection_name`,`site_id`) values (28,28,4,'','a:1:{s:2:\"id\";s:14:\"83.138.185.225\";}','83.138.185.225',4);
insert  into `users_connect`(`connect_id`,`uid`,`connect_type_id`,`access_token`,`extras`,`connection_name`,`site_id`) values (29,29,4,'','a:1:{s:2:\"id\";s:14:\"117.215.65.249\";}','117.215.65.249',4);
insert  into `users_connect`(`connect_id`,`uid`,`connect_type_id`,`access_token`,`extras`,`connection_name`,`site_id`) values (30,30,1,'access_token=199968910028088|53b114a61b70e58bd35154b1-100001859421446|qsrzTF6RJ-I-BmCbx4Gp4PW-psc','a:24:{s:2:\"id\";s:15:\"100001859421446\";s:4:\"name\";s:12:\"Hitesh Jhala\";s:10:\"first_name\";s:6:\"Hitesh\";s:9:\"last_name\";s:5:\"Jhala\";s:4:\"link\";s:54:\"http://www.facebook.com/profile.php?id=100001859421446\";s:8:\"birthday\";s:10:\"05/12/1989\";s:8:\"hometown\";a:2:{s:2:\"id\";s:15:\"110832712274056\";s:4:\"name\";s:15:\"Rajkot, Gujarat\";}s:8:\"location\";a:2:{s:2:\"id\";s:15:\"103982639637754\";s:4:\"name\";s:13:\"Kalyan, India\";}s:3:\"bio\";s:29:\"i m cool and sexy type of boy\";s:4:\"work\";a:1:{i:0;a:3:{s:8:\"employer\";a:2:{s:2:\"id\";s:15:\"114713208542416\";s:4:\"name\";s:11:\"businessman\";}s:10:\"start_date\";s:7:\"0000-00\";s:8:\"end_date\";s:7:\"0000-00\";}}s:6:\"sports\";a:1:{i:0;a:2:{s:2:\"id\";s:15:\"103992339636529\";s:4:\"name\";s:7:\"Cricket\";}}s:14:\"favorite_teams\";a:2:{i:0;a:2:{s:2:\"id\";s:15:\"190313434323691\";s:4:\"name\";s:19:\"Indian Cricket Team\";}i:1;a:2:{s:2:\"id\";s:15:\"107893589244188\";s:4:\"name\";s:36:\"South Africa\'s national cricket team\";}}s:17:\"favorite_athletes\";a:3:{i:0;a:2:{s:2:\"id\";s:11:\"81221197163\";s:4:\"name\";s:17:\"Cristiano Ronaldo\";}i:1;a:2:{s:2:\"id\";s:12:\"290129270682\";s:4:\"name\";s:33:\"Sachin Tendulkar - GOD of Cricket\";}i:2;a:2:{s:2:\"id\";s:11:\"64822581025\";s:4:\"name\";s:12:\"Rafael Nadal\";}}s:20:\"inspirational_people\";a:1:{i:0;a:2:{s:2:\"id\";s:15:\"136632356404532\";s:4:\"name\";s:35:\"by mom & dad ang loving grandmother\";}}s:9:\"education\";a:3:{i:0;a:2:{s:6:\"school\";a:2:{s:2:\"id\";s:15:\"111950378821457\";s:4:\"name\";s:20:\"University of Mumbai\";}s:4:\"type\";s:15:\"Graduate School\";}i:1;a:3:{s:6:\"school\";a:2:{s:2:\"id\";s:15:\"110502488977939\";s:4:\"name\";s:21:\"Birla College, Kalyan\";}s:4:\"year\";a:2:{s:2:\"id\";s:15:\"136328419721520\";s:4:\"name\";s:4:\"2009\";}s:4:\"type\";s:7:\"College\";}i:2;a:3:{s:6:\"school\";a:2:{s:2:\"id\";s:15:\"110237239045228\";s:4:\"name\";s:26:\"lourdes high school.kalyan\";}s:4:\"year\";a:2:{s:2:\"id\";s:15:\"116614285052328\";s:4:\"name\";s:4:\"2003\";}s:4:\"type\";s:11:\"High School\";}}s:6:\"gender\";s:4:\"male\";s:5:\"email\";s:23:\"hitesh1251989@gmail.com\";s:8:\"timezone\";d:5.5;s:6:\"locale\";s:5:\"en_US\";s:9:\"languages\";a:1:{i:0;a:2:{s:2:\"id\";s:15:\"190242731001297\";s:4:\"name\";s:23:\"hindi,english n marathi\";}}s:8:\"verified\";b:1;s:12:\"updated_time\";s:24:\"2011-03-16T07:45:17+0000\";s:4:\"code\";s:68:\"53b114a61b70e58bd35154b1-100001859421446|P1bvrW_GEPhIfgkgX1kXnWPwVDU\";s:5:\"token\";s:97:\"access_token=199968910028088|53b114a61b70e58bd35154b1-100001859421446|qsrzTF6RJ-I-BmCbx4Gp4PW-psc\";}','100001859421446',4);
insert  into `users_connect`(`connect_id`,`uid`,`connect_type_id`,`access_token`,`extras`,`connection_name`,`site_id`) values (31,31,4,'','a:1:{s:2:\"id\";s:13:\"89.234.55.199\";}','89.234.55.199',4);
insert  into `users_connect`(`connect_id`,`uid`,`connect_type_id`,`access_token`,`extras`,`connection_name`,`site_id`) values (32,32,4,'','a:1:{s:2:\"id\";s:14:\"94.236.123.135\";}','94.236.123.135',4);
insert  into `users_connect`(`connect_id`,`uid`,`connect_type_id`,`access_token`,`extras`,`connection_name`,`site_id`) values (33,33,4,'','a:1:{s:2:\"id\";s:14:\"114.79.153.221\";}','114.79.153.221',4);
insert  into `users_connect`(`connect_id`,`uid`,`connect_type_id`,`access_token`,`extras`,`connection_name`,`site_id`) values (34,34,4,'','a:2:{s:2:\"id\";s:13:\"27.107.206.33\";s:8:\"locationfinder\";O:8:\"stdClass\":8:{s:2:\"IP\";s:13:\"27.107.206.33\";s:11:\"CountryCode\";s:2:\"IN\";s:11:\"CountryName\";s:5:\"INDIA\";s:10:\"RegionName\";s:5:\"DELHI\";s:4:\"City\";s:5:\"DELHI\";s:7:\"Zipcode\";s:1:\"-\";s:8:\"Latitude\";s:7:\"28.6328\";s:9:\"Longitude\";s:7:\"77.2195\";}}','27.107.206.33',4);
insert  into `users_connect`(`connect_id`,`uid`,`connect_type_id`,`access_token`,`extras`,`connection_name`,`site_id`) values (35,35,4,'','a:2:{s:2:\"id\";s:14:\"80.239.242.200\";s:14:\"locationfinder\";O:8:\"stdClass\":8:{s:2:\"IP\";s:14:\"80.239.242.200\";s:11:\"CountryCode\";s:2:\"PL\";s:11:\"CountryName\";s:6:\"POLAND\";s:10:\"RegionName\";s:11:\"MAZOWIECKIE\";s:4:\"City\";s:6:\"WARSAW\";s:7:\"Zipcode\";s:1:\"-\";s:8:\"Latitude\";s:5:\"52.25\";s:9:\"Longitude\";s:2:\"21\";}}','80.239.242.200',4);
insert  into `users_connect`(`connect_id`,`uid`,`connect_type_id`,`access_token`,`extras`,`connection_name`,`site_id`) values (36,36,4,'','a:2:{s:2:\"id\";s:15:\"115.117.159.170\";s:14:\"locationfinder\";O:8:\"stdClass\":8:{s:2:\"IP\";s:15:\"115.117.159.170\";s:11:\"CountryCode\";s:2:\"IN\";s:11:\"CountryName\";s:5:\"INDIA\";s:10:\"RegionName\";s:5:\"DELHI\";s:4:\"City\";s:5:\"DELHI\";s:7:\"Zipcode\";s:1:\"-\";s:8:\"Latitude\";s:7:\"28.6328\";s:9:\"Longitude\";s:7:\"77.2195\";}}','115.117.159.170',4);
insert  into `users_connect`(`connect_id`,`uid`,`connect_type_id`,`access_token`,`extras`,`connection_name`,`site_id`) values (37,37,4,'','a:2:{s:2:\"id\";s:14:\"80.239.242.149\";s:14:\"locationfinder\";O:8:\"stdClass\":8:{s:2:\"IP\";s:14:\"80.239.242.149\";s:11:\"CountryCode\";s:2:\"PL\";s:11:\"CountryName\";s:6:\"POLAND\";s:10:\"RegionName\";s:11:\"MAZOWIECKIE\";s:4:\"City\";s:6:\"WARSAW\";s:7:\"Zipcode\";s:1:\"-\";s:8:\"Latitude\";s:5:\"52.25\";s:9:\"Longitude\";s:2:\"21\";}}','80.239.242.149',4);
insert  into `users_connect`(`connect_id`,`uid`,`connect_type_id`,`access_token`,`extras`,`connection_name`,`site_id`) values (38,38,4,'','a:2:{s:2:\"id\";s:14:\"80.239.243.164\";s:14:\"locationfinder\";O:8:\"stdClass\":8:{s:2:\"IP\";s:14:\"80.239.243.164\";s:11:\"CountryCode\";s:2:\"PL\";s:11:\"CountryName\";s:6:\"POLAND\";s:10:\"RegionName\";s:11:\"MAZOWIECKIE\";s:4:\"City\";s:6:\"WARSAW\";s:7:\"Zipcode\";s:1:\"-\";s:8:\"Latitude\";s:5:\"52.25\";s:9:\"Longitude\";s:2:\"21\";}}','80.239.243.164',4);
insert  into `users_connect`(`connect_id`,`uid`,`connect_type_id`,`access_token`,`extras`,`connection_name`,`site_id`) values (39,39,4,'','a:2:{s:2:\"id\";s:13:\"80.239.243.11\";s:14:\"locationfinder\";O:8:\"stdClass\":8:{s:2:\"IP\";s:13:\"80.239.243.11\";s:11:\"CountryCode\";s:2:\"PL\";s:11:\"CountryName\";s:6:\"POLAND\";s:10:\"RegionName\";s:11:\"MAZOWIECKIE\";s:4:\"City\";s:6:\"WARSAW\";s:7:\"Zipcode\";s:1:\"-\";s:8:\"Latitude\";s:5:\"52.25\";s:9:\"Longitude\";s:2:\"21\";}}','80.239.243.11',4);
insert  into `users_connect`(`connect_id`,`uid`,`connect_type_id`,`access_token`,`extras`,`connection_name`,`site_id`) values (40,40,4,'','a:2:{s:2:\"id\";s:14:\"207.46.195.232\";s:14:\"locationfinder\";O:8:\"stdClass\":8:{s:2:\"IP\";s:14:\"207.46.195.232\";s:11:\"CountryCode\";s:2:\"US\";s:11:\"CountryName\";s:13:\"UNITED STATES\";s:10:\"RegionName\";s:8:\"NEW YORK\";s:4:\"City\";s:8:\"NEW YORK\";s:7:\"Zipcode\";s:5:\"10001\";s:8:\"Latitude\";s:7:\"40.7488\";s:9:\"Longitude\";s:8:\"-73.9846\";}}','207.46.195.232',4);
insert  into `users_connect`(`connect_id`,`uid`,`connect_type_id`,`access_token`,`extras`,`connection_name`,`site_id`) values (41,41,4,'','a:2:{s:2:\"id\";s:14:\"49.200.233.228\";s:14:\"locationfinder\";O:8:\"stdClass\":8:{s:2:\"IP\";s:14:\"49.200.233.228\";s:11:\"CountryCode\";s:2:\"IN\";s:11:\"CountryName\";s:5:\"INDIA\";s:10:\"RegionName\";s:11:\"MAHARASHTRA\";s:4:\"City\";s:11:\"NAVI MUMBAI\";s:7:\"Zipcode\";s:1:\"-\";s:8:\"Latitude\";s:6:\"19.174\";s:9:\"Longitude\";s:6:\"73.021\";}}','49.200.233.228',4);
insert  into `users_connect`(`connect_id`,`uid`,`connect_type_id`,`access_token`,`extras`,`connection_name`,`site_id`) values (42,42,4,'','a:2:{s:2:\"id\";s:9:\"1.38.13.4\";s:14:\"locationfinder\";O:8:\"stdClass\":8:{s:2:\"IP\";s:9:\"1.38.13.4\";s:11:\"CountryCode\";s:2:\"IN\";s:11:\"CountryName\";s:5:\"INDIA\";s:10:\"RegionName\";s:11:\"MAHARASHTRA\";s:4:\"City\";s:6:\"MUMBAI\";s:7:\"Zipcode\";s:1:\"-\";s:8:\"Latitude\";s:7:\"19.0158\";s:9:\"Longitude\";s:7:\"72.8599\";}}','1.38.13.4',4);
insert  into `users_connect`(`connect_id`,`uid`,`connect_type_id`,`access_token`,`extras`,`connection_name`,`site_id`) values (43,43,4,'','a:2:{s:2:\"id\";s:13:\"59.92.252.212\";s:14:\"locationfinder\";O:8:\"stdClass\":8:{s:2:\"IP\";s:13:\"59.92.252.212\";s:11:\"CountryCode\";s:2:\"IN\";s:11:\"CountryName\";s:5:\"INDIA\";s:10:\"RegionName\";s:5:\"DELHI\";s:4:\"City\";s:9:\"NEW DELHI\";s:7:\"Zipcode\";s:1:\"-\";s:8:\"Latitude\";s:7:\"28.6328\";s:9:\"Longitude\";s:7:\"77.2195\";}}','59.92.252.212',4);
insert  into `users_connect`(`connect_id`,`uid`,`connect_type_id`,`access_token`,`extras`,`connection_name`,`site_id`) values (44,44,4,'','a:2:{s:2:\"id\";s:15:\"124.124.228.209\";s:14:\"locationfinder\";O:8:\"stdClass\":8:{s:2:\"IP\";s:15:\"124.124.228.209\";s:11:\"CountryCode\";s:2:\"IN\";s:11:\"CountryName\";s:5:\"INDIA\";s:10:\"RegionName\";s:11:\"MAHARASHTRA\";s:4:\"City\";s:6:\"MUMBAI\";s:7:\"Zipcode\";s:1:\"-\";s:8:\"Latitude\";s:7:\"19.0158\";s:9:\"Longitude\";s:7:\"72.8599\";}}','124.124.228.209',4);
insert  into `users_connect`(`connect_id`,`uid`,`connect_type_id`,`access_token`,`extras`,`connection_name`,`site_id`) values (45,45,4,'','a:2:{s:2:\"id\";s:10:\"80.84.1.19\";s:14:\"locationfinder\";O:8:\"stdClass\":8:{s:2:\"IP\";s:10:\"80.84.1.19\";s:11:\"CountryCode\";s:2:\"DE\";s:11:\"CountryName\";s:7:\"GERMANY\";s:10:\"RegionName\";s:1:\"-\";s:4:\"City\";s:1:\"-\";s:7:\"Zipcode\";s:1:\"-\";s:8:\"Latitude\";s:7:\"52.5234\";s:9:\"Longitude\";s:7:\"13.4114\";}}','80.84.1.19',4);
insert  into `users_connect`(`connect_id`,`uid`,`connect_type_id`,`access_token`,`extras`,`connection_name`,`site_id`) values (46,46,1,'access_token=199968910028088|671e595e8a3d0fea1ba375e2-100000105436834|k8K90Q6mRYosQFoINQqQ8eFIXTo','a:17:{s:2:\"id\";s:15:\"100000105436834\";s:4:\"name\";s:15:\"Tushar Dhanwani\";s:10:\"first_name\";s:6:\"Tushar\";s:9:\"last_name\";s:8:\"Dhanwani\";s:4:\"link\";s:54:\"http://www.facebook.com/profile.php?id=100000105436834\";s:8:\"birthday\";s:10:\"11/25/1981\";s:8:\"location\";a:2:{s:2:\"id\";s:15:\"114759761873412\";s:4:\"name\";s:19:\"Mumbai, Maharashtra\";}s:9:\"education\";a:1:{i:0;a:4:{s:6:\"school\";a:2:{s:2:\"id\";s:15:\"108596565838392\";s:4:\"name\";s:25:\"VBS Purvanchal University\";}s:4:\"year\";a:2:{s:2:\"id\";s:15:\"137616982934053\";s:4:\"name\";s:4:\"2006\";}s:4:\"type\";s:7:\"College\";s:7:\"classes\";a:1:{i:0;a:3:{s:2:\"id\";s:15:\"192934007402808\";s:4:\"name\";s:9:\"T.Y.B.com\";s:11:\"description\";s:11:\"First class\";}}}}s:6:\"gender\";s:4:\"male\";s:5:\"email\";s:27:\"tushar_2000_in_in@yahoo.com\";s:8:\"timezone\";d:5.5;s:6:\"locale\";s:5:\"en_US\";s:8:\"verified\";b:1;s:12:\"updated_time\";s:24:\"2011-03-16T08:46:10+0000\";s:4:\"code\";s:68:\"671e595e8a3d0fea1ba375e2-100000105436834|6n--Z0ooJcTmPzOvNwvPAqM2vcY\";s:5:\"token\";s:97:\"access_token=199968910028088|671e595e8a3d0fea1ba375e2-100000105436834|k8K90Q6mRYosQFoINQqQ8eFIXTo\";s:14:\"locationfinder\";O:8:\"stdClass\":8:{s:2:\"IP\";s:0:\"\";s:11:\"CountryCode\";s:0:\"\";s:11:\"CountryName\";s:0:\"\";s:10:\"RegionName\";s:0:\"\";s:4:\"City\";s:0:\"\";s:7:\"Zipcode\";s:0:\"\";s:8:\"Latitude\";s:0:\"\";s:9:\"Longitude\";s:0:\"\";}}','100000105436834',4);
insert  into `users_connect`(`connect_id`,`uid`,`connect_type_id`,`access_token`,`extras`,`connection_name`,`site_id`) values (47,47,4,'','a:2:{s:2:\"id\";s:14:\"66.220.149.245\";s:14:\"locationfinder\";O:8:\"stdClass\":8:{s:2:\"IP\";s:14:\"66.220.149.245\";s:11:\"CountryCode\";s:2:\"US\";s:11:\"CountryName\";s:13:\"UNITED STATES\";s:10:\"RegionName\";s:10:\"CALIFORNIA\";s:4:\"City\";s:9:\"PALO ALTO\";s:7:\"Zipcode\";s:5:\"94304\";s:8:\"Latitude\";s:7:\"37.4404\";s:9:\"Longitude\";s:7:\"-122.14\";}}','66.220.149.245',4);
insert  into `users_connect`(`connect_id`,`uid`,`connect_type_id`,`access_token`,`extras`,`connection_name`,`site_id`) values (48,48,4,'','a:2:{s:2:\"id\";s:15:\"220.227.216.174\";s:14:\"locationfinder\";O:8:\"stdClass\":8:{s:2:\"IP\";s:15:\"220.227.216.174\";s:11:\"CountryCode\";s:2:\"IN\";s:11:\"CountryName\";s:5:\"INDIA\";s:10:\"RegionName\";s:11:\"MAHARASHTRA\";s:4:\"City\";s:6:\"MUMBAI\";s:7:\"Zipcode\";s:1:\"-\";s:8:\"Latitude\";s:7:\"19.0158\";s:9:\"Longitude\";s:7:\"72.8599\";}}','220.227.216.174',4);
insert  into `users_connect`(`connect_id`,`uid`,`connect_type_id`,`access_token`,`extras`,`connection_name`,`site_id`) values (49,49,4,'','a:2:{s:2:\"id\";s:14:\"80.239.243.212\";s:14:\"locationfinder\";O:8:\"stdClass\":8:{s:2:\"IP\";s:14:\"80.239.243.212\";s:11:\"CountryCode\";s:2:\"PL\";s:11:\"CountryName\";s:6:\"POLAND\";s:10:\"RegionName\";s:11:\"MAZOWIECKIE\";s:4:\"City\";s:6:\"WARSAW\";s:7:\"Zipcode\";s:1:\"-\";s:8:\"Latitude\";s:5:\"52.25\";s:9:\"Longitude\";s:2:\"21\";}}','80.239.243.212',4);
insert  into `users_connect`(`connect_id`,`uid`,`connect_type_id`,`access_token`,`extras`,`connection_name`,`site_id`) values (50,50,4,'','a:2:{s:2:\"id\";s:13:\"115.97.96.105\";s:14:\"locationfinder\";O:8:\"stdClass\":8:{s:2:\"IP\";s:13:\"115.97.96.105\";s:11:\"CountryCode\";s:2:\"IN\";s:11:\"CountryName\";s:5:\"INDIA\";s:10:\"RegionName\";s:11:\"MAHARASHTRA\";s:4:\"City\";s:6:\"MUMBAI\";s:7:\"Zipcode\";s:1:\"-\";s:8:\"Latitude\";s:7:\"19.0158\";s:9:\"Longitude\";s:7:\"72.8599\";}}','115.97.96.105',4);
insert  into `users_connect`(`connect_id`,`uid`,`connect_type_id`,`access_token`,`extras`,`connection_name`,`site_id`) values (51,51,4,'','a:2:{s:2:\"id\";s:14:\"94.236.123.134\";s:14:\"locationfinder\";O:8:\"stdClass\":8:{s:2:\"IP\";s:14:\"94.236.123.134\";s:11:\"CountryCode\";s:2:\"UK\";s:11:\"CountryName\";s:14:\"UNITED KINGDOM\";s:10:\"RegionName\";s:1:\"-\";s:4:\"City\";s:1:\"-\";s:7:\"Zipcode\";s:1:\"-\";s:8:\"Latitude\";s:6:\"54.167\";s:9:\"Longitude\";s:8:\"-4.48211\";}}','94.236.123.134',4);
insert  into `users_connect`(`connect_id`,`uid`,`connect_type_id`,`access_token`,`extras`,`connection_name`,`site_id`) values (52,52,1,'access_token=199968910028088|d94b21bc498b2b06b906ae68-100001079079211|m3qbEkqWPZ2opBKrNovP0E_-n9g','a:17:{s:2:\"id\";s:15:\"100001079079211\";s:4:\"name\";s:12:\"Giri Talreja\";s:10:\"first_name\";s:4:\"Giri\";s:9:\"last_name\";s:7:\"Talreja\";s:4:\"link\";s:36:\"http://www.facebook.com/giri.talreja\";s:8:\"birthday\";s:10:\"11/27/1989\";s:8:\"location\";a:2:{s:2:\"id\";s:15:\"114759761873412\";s:4:\"name\";s:19:\"Mumbai, Maharashtra\";}s:9:\"education\";a:1:{i:0;a:2:{s:6:\"school\";a:2:{s:2:\"id\";s:15:\"119818641374321\";s:4:\"name\";s:21:\"CHM(MUMBAI UNIVER...)\";}s:4:\"type\";s:7:\"College\";}}s:6:\"gender\";s:4:\"male\";s:5:\"email\";s:23:\"girishtalreja@ymail.com\";s:8:\"timezone\";i:-5;s:6:\"locale\";s:5:\"en_US\";s:8:\"verified\";b:1;s:12:\"updated_time\";s:24:\"2011-03-16T08:52:46+0000\";s:4:\"code\";s:68:\"d94b21bc498b2b06b906ae68-100001079079211|kHVQ9126pUBJHrUFcCGupX4D5jA\";s:5:\"token\";s:97:\"access_token=199968910028088|d94b21bc498b2b06b906ae68-100001079079211|m3qbEkqWPZ2opBKrNovP0E_-n9g\";s:14:\"locationfinder\";O:8:\"stdClass\":8:{s:2:\"IP\";s:0:\"\";s:11:\"CountryCode\";s:0:\"\";s:11:\"CountryName\";s:0:\"\";s:10:\"RegionName\";s:0:\"\";s:4:\"City\";s:0:\"\";s:7:\"Zipcode\";s:0:\"\";s:8:\"Latitude\";s:0:\"\";s:9:\"Longitude\";s:0:\"\";}}','100001079079211',4);
insert  into `users_connect`(`connect_id`,`uid`,`connect_type_id`,`access_token`,`extras`,`connection_name`,`site_id`) values (53,53,4,'','a:2:{s:2:\"id\";s:11:\"101.2.32.51\";s:14:\"locationfinder\";O:8:\"stdClass\":8:{s:2:\"IP\";s:11:\"101.2.32.51\";s:11:\"CountryCode\";s:2:\"IN\";s:11:\"CountryName\";s:5:\"INDIA\";s:10:\"RegionName\";s:5:\"DELHI\";s:4:\"City\";s:9:\"NEW DELHI\";s:7:\"Zipcode\";s:1:\"-\";s:8:\"Latitude\";s:7:\"28.6328\";s:9:\"Longitude\";s:7:\"77.2195\";}}','101.2.32.51',4);
insert  into `users_connect`(`connect_id`,`uid`,`connect_type_id`,`access_token`,`extras`,`connection_name`,`site_id`) values (54,54,4,'','a:2:{s:2:\"id\";s:14:\"94.236.123.131\";s:14:\"locationfinder\";O:8:\"stdClass\":8:{s:2:\"IP\";s:14:\"94.236.123.131\";s:11:\"CountryCode\";s:2:\"UK\";s:11:\"CountryName\";s:14:\"UNITED KINGDOM\";s:10:\"RegionName\";s:1:\"-\";s:4:\"City\";s:1:\"-\";s:7:\"Zipcode\";s:1:\"-\";s:8:\"Latitude\";s:6:\"54.167\";s:9:\"Longitude\";s:8:\"-4.48211\";}}','94.236.123.131',4);
insert  into `users_connect`(`connect_id`,`uid`,`connect_type_id`,`access_token`,`extras`,`connection_name`,`site_id`) values (55,55,4,'','a:2:{s:2:\"id\";s:13:\"80.239.242.69\";s:14:\"locationfinder\";O:8:\"stdClass\":8:{s:2:\"IP\";s:13:\"80.239.242.69\";s:11:\"CountryCode\";s:2:\"PL\";s:11:\"CountryName\";s:6:\"POLAND\";s:10:\"RegionName\";s:11:\"MAZOWIECKIE\";s:4:\"City\";s:6:\"WARSAW\";s:7:\"Zipcode\";s:1:\"-\";s:8:\"Latitude\";s:5:\"52.25\";s:9:\"Longitude\";s:2:\"21\";}}','80.239.242.69',4);
insert  into `users_connect`(`connect_id`,`uid`,`connect_type_id`,`access_token`,`extras`,`connection_name`,`site_id`) values (56,56,4,'','a:2:{s:2:\"id\";s:12:\"93.186.23.80\";s:14:\"locationfinder\";O:8:\"stdClass\":8:{s:2:\"IP\";s:12:\"93.186.23.80\";s:11:\"CountryCode\";s:2:\"UK\";s:11:\"CountryName\";s:14:\"UNITED KINGDOM\";s:10:\"RegionName\";s:1:\"-\";s:4:\"City\";s:1:\"-\";s:7:\"Zipcode\";s:1:\"-\";s:8:\"Latitude\";s:6:\"54.167\";s:9:\"Longitude\";s:8:\"-4.48211\";}}','93.186.23.80',4);
insert  into `users_connect`(`connect_id`,`uid`,`connect_type_id`,`access_token`,`extras`,`connection_name`,`site_id`) values (57,57,4,'','a:2:{s:2:\"id\";s:14:\"115.246.22.235\";s:14:\"locationfinder\";O:8:\"stdClass\":8:{s:2:\"IP\";s:14:\"115.246.22.235\";s:11:\"CountryCode\";s:2:\"IN\";s:11:\"CountryName\";s:5:\"INDIA\";s:10:\"RegionName\";s:11:\"MAHARASHTRA\";s:4:\"City\";s:6:\"MUMBAI\";s:7:\"Zipcode\";s:1:\"-\";s:8:\"Latitude\";s:7:\"19.0158\";s:9:\"Longitude\";s:7:\"72.8599\";}}','115.246.22.235',4);
insert  into `users_connect`(`connect_id`,`uid`,`connect_type_id`,`access_token`,`extras`,`connection_name`,`site_id`) values (58,58,1,'access_token=199968910028088|efc5d9603474b57bf66ee0a0-100000864258717|YXF3oqK-Im14PWsI4zJp6ExuhXw','a:16:{s:2:\"id\";s:15:\"100000864258717\";s:4:\"name\";s:8:\"Rock Ash\";s:10:\"first_name\";s:4:\"Rock\";s:9:\"last_name\";s:3:\"Ash\";s:4:\"link\";s:54:\"http://www.facebook.com/profile.php?id=100000864258717\";s:8:\"birthday\";s:10:\"09/15/1985\";s:3:\"bio\";s:23:\"i like reality fact....\";s:9:\"education\";a:2:{i:0;a:2:{s:6:\"school\";a:2:{s:2:\"id\";s:15:\"106066649424304\";s:4:\"name\";s:19:\"University of Delhi\";}s:4:\"type\";s:7:\"College\";}i:1;a:2:{s:6:\"school\";a:2:{s:2:\"id\";s:15:\"102344603148981\";s:4:\"name\";s:19:\"board of rajasthanj\";}s:4:\"type\";s:11:\"High School\";}}s:6:\"gender\";s:4:\"male\";s:5:\"email\";s:22:\"rock_rocky43@yahoo.com\";s:8:\"timezone\";d:5.5;s:6:\"locale\";s:5:\"en_US\";s:12:\"updated_time\";s:24:\"2011-03-16T09:04:12+0000\";s:4:\"code\";s:68:\"efc5d9603474b57bf66ee0a0-100000864258717|DEqMmYAJf2k6Y0PXynE2aLy60VE\";s:5:\"token\";s:97:\"access_token=199968910028088|efc5d9603474b57bf66ee0a0-100000864258717|YXF3oqK-Im14PWsI4zJp6ExuhXw\";s:14:\"locationfinder\";O:8:\"stdClass\":8:{s:2:\"IP\";s:0:\"\";s:11:\"CountryCode\";s:0:\"\";s:11:\"CountryName\";s:0:\"\";s:10:\"RegionName\";s:0:\"\";s:4:\"City\";s:0:\"\";s:7:\"Zipcode\";s:0:\"\";s:8:\"Latitude\";s:0:\"\";s:9:\"Longitude\";s:0:\"\";}}','100000864258717',4);
insert  into `users_connect`(`connect_id`,`uid`,`connect_type_id`,`access_token`,`extras`,`connection_name`,`site_id`) values (59,59,4,'','a:2:{s:2:\"id\";s:14:\"66.220.146.247\";s:14:\"locationfinder\";O:8:\"stdClass\":8:{s:2:\"IP\";s:14:\"66.220.146.247\";s:11:\"CountryCode\";s:2:\"US\";s:11:\"CountryName\";s:13:\"UNITED STATES\";s:10:\"RegionName\";s:10:\"CALIFORNIA\";s:4:\"City\";s:9:\"PALO ALTO\";s:7:\"Zipcode\";s:5:\"94304\";s:8:\"Latitude\";s:7:\"37.4404\";s:9:\"Longitude\";s:7:\"-122.14\";}}','66.220.146.247',4);
insert  into `users_connect`(`connect_id`,`uid`,`connect_type_id`,`access_token`,`extras`,`connection_name`,`site_id`) values (60,60,4,'','a:2:{s:2:\"id\";s:12:\"115.246.20.5\";s:14:\"locationfinder\";O:8:\"stdClass\":8:{s:2:\"IP\";s:12:\"115.246.20.5\";s:11:\"CountryCode\";s:2:\"IN\";s:11:\"CountryName\";s:5:\"INDIA\";s:10:\"RegionName\";s:11:\"MAHARASHTRA\";s:4:\"City\";s:6:\"MUMBAI\";s:7:\"Zipcode\";s:1:\"-\";s:8:\"Latitude\";s:7:\"19.0158\";s:9:\"Longitude\";s:7:\"72.8599\";}}','115.246.20.5',4);
insert  into `users_connect`(`connect_id`,`uid`,`connect_type_id`,`access_token`,`extras`,`connection_name`,`site_id`) values (61,61,4,'','a:2:{s:2:\"id\";s:13:\"49.136.42.161\";s:14:\"locationfinder\";O:8:\"stdClass\":8:{s:2:\"IP\";s:13:\"49.136.42.161\";s:11:\"CountryCode\";s:2:\"IN\";s:11:\"CountryName\";s:5:\"INDIA\";s:10:\"RegionName\";s:11:\"WEST BENGAL\";s:4:\"City\";s:7:\"KOLKATA\";s:7:\"Zipcode\";s:1:\"-\";s:8:\"Latitude\";s:7:\"22.5414\";s:9:\"Longitude\";s:7:\"88.3612\";}}','49.136.42.161',4);
insert  into `users_connect`(`connect_id`,`uid`,`connect_type_id`,`access_token`,`extras`,`connection_name`,`site_id`) values (62,62,4,'','a:2:{s:2:\"id\";s:13:\"80.239.243.50\";s:14:\"locationfinder\";O:8:\"stdClass\":8:{s:2:\"IP\";s:13:\"80.239.243.50\";s:11:\"CountryCode\";s:2:\"PL\";s:11:\"CountryName\";s:6:\"POLAND\";s:10:\"RegionName\";s:11:\"MAZOWIECKIE\";s:4:\"City\";s:6:\"WARSAW\";s:7:\"Zipcode\";s:1:\"-\";s:8:\"Latitude\";s:5:\"52.25\";s:9:\"Longitude\";s:2:\"21\";}}','80.239.243.50',4);
insert  into `users_connect`(`connect_id`,`uid`,`connect_type_id`,`access_token`,`extras`,`connection_name`,`site_id`) values (63,63,4,'','a:2:{s:2:\"id\";s:13:\"82.145.209.20\";s:14:\"locationfinder\";O:8:\"stdClass\":8:{s:2:\"IP\";s:13:\"82.145.209.20\";s:11:\"CountryCode\";s:2:\"IS\";s:11:\"CountryName\";s:7:\"ICELAND\";s:10:\"RegionName\";s:1:\"-\";s:4:\"City\";s:1:\"-\";s:7:\"Zipcode\";s:1:\"-\";s:8:\"Latitude\";s:5:\"64.14\";s:9:\"Longitude\";s:6:\"-21.92\";}}','82.145.209.20',4);
insert  into `users_connect`(`connect_id`,`uid`,`connect_type_id`,`access_token`,`extras`,`connection_name`,`site_id`) values (64,64,4,'','a:2:{s:2:\"id\";s:14:\"216.38.216.220\";s:14:\"locationfinder\";O:8:\"stdClass\":8:{s:2:\"IP\";s:14:\"216.38.216.220\";s:11:\"CountryCode\";s:2:\"US\";s:11:\"CountryName\";s:13:\"UNITED STATES\";s:10:\"RegionName\";s:8:\"COLORADO\";s:4:\"City\";s:6:\"DENVER\";s:7:\"Zipcode\";s:5:\"80002\";s:8:\"Latitude\";s:7:\"39.7761\";s:9:\"Longitude\";s:8:\"-105.015\";}}','216.38.216.220',4);
insert  into `users_connect`(`connect_id`,`uid`,`connect_type_id`,`access_token`,`extras`,`connection_name`,`site_id`) values (65,65,4,'','a:2:{s:2:\"id\";s:10:\"1.38.12.20\";s:14:\"locationfinder\";O:8:\"stdClass\":8:{s:2:\"IP\";s:10:\"1.38.12.20\";s:11:\"CountryCode\";s:2:\"IN\";s:11:\"CountryName\";s:5:\"INDIA\";s:10:\"RegionName\";s:11:\"MAHARASHTRA\";s:4:\"City\";s:6:\"MUMBAI\";s:7:\"Zipcode\";s:1:\"-\";s:8:\"Latitude\";s:7:\"19.0158\";s:9:\"Longitude\";s:7:\"72.8599\";}}','1.38.12.20',4);
insert  into `users_connect`(`connect_id`,`uid`,`connect_type_id`,`access_token`,`extras`,`connection_name`,`site_id`) values (66,66,4,'','a:2:{s:2:\"id\";s:15:\"203.109.101.106\";s:14:\"locationfinder\";O:8:\"stdClass\":8:{s:2:\"IP\";s:15:\"203.109.101.106\";s:11:\"CountryCode\";s:2:\"IN\";s:11:\"CountryName\";s:5:\"INDIA\";s:10:\"RegionName\";s:7:\"GUJARAT\";s:4:\"City\";s:5:\"SURAT\";s:7:\"Zipcode\";s:1:\"-\";s:8:\"Latitude\";s:7:\"21.1952\";s:9:\"Longitude\";s:7:\"72.8282\";}}','203.109.101.106',4);
insert  into `users_connect`(`connect_id`,`uid`,`connect_type_id`,`access_token`,`extras`,`connection_name`,`site_id`) values (67,67,4,'','a:2:{s:2:\"id\";s:14:\"114.31.150.140\";s:14:\"locationfinder\";O:8:\"stdClass\":8:{s:2:\"IP\";s:14:\"114.31.150.140\";s:11:\"CountryCode\";s:2:\"IN\";s:11:\"CountryName\";s:5:\"INDIA\";s:10:\"RegionName\";s:11:\"MAHARASHTRA\";s:4:\"City\";s:6:\"MUMBAI\";s:7:\"Zipcode\";s:1:\"-\";s:8:\"Latitude\";s:7:\"19.0158\";s:9:\"Longitude\";s:7:\"72.8599\";}}','114.31.150.140',4);
insert  into `users_connect`(`connect_id`,`uid`,`connect_type_id`,`access_token`,`extras`,`connection_name`,`site_id`) values (68,68,4,'','a:2:{s:2:\"id\";s:15:\"202.138.127.160\";s:14:\"locationfinder\";O:8:\"stdClass\":8:{s:2:\"IP\";s:15:\"202.138.127.160\";s:11:\"CountryCode\";s:2:\"IN\";s:11:\"CountryName\";s:5:\"INDIA\";s:10:\"RegionName\";s:11:\"MAHARASHTRA\";s:4:\"City\";s:6:\"MUMBAI\";s:7:\"Zipcode\";s:1:\"-\";s:8:\"Latitude\";s:7:\"19.0158\";s:9:\"Longitude\";s:7:\"72.8599\";}}','202.138.127.160',4);
insert  into `users_connect`(`connect_id`,`uid`,`connect_type_id`,`access_token`,`extras`,`connection_name`,`site_id`) values (69,69,4,'','a:2:{s:2:\"id\";s:14:\"182.48.252.147\";s:14:\"locationfinder\";O:8:\"stdClass\":8:{s:2:\"IP\";s:14:\"182.48.252.147\";s:11:\"CountryCode\";s:2:\"IN\";s:11:\"CountryName\";s:5:\"INDIA\";s:10:\"RegionName\";s:11:\"MAHARASHTRA\";s:4:\"City\";s:6:\"KALYAN\";s:7:\"Zipcode\";s:1:\"-\";s:8:\"Latitude\";s:7:\"19.2337\";s:9:\"Longitude\";s:7:\"73.1414\";}}','182.48.252.147',4);
insert  into `users_connect`(`connect_id`,`uid`,`connect_type_id`,`access_token`,`extras`,`connection_name`,`site_id`) values (70,70,4,'','a:2:{s:2:\"id\";s:13:\"125.99.118.67\";s:14:\"locationfinder\";O:8:\"stdClass\":8:{s:2:\"IP\";s:13:\"125.99.118.67\";s:11:\"CountryCode\";s:2:\"IN\";s:11:\"CountryName\";s:5:\"INDIA\";s:10:\"RegionName\";s:11:\"MAHARASHTRA\";s:4:\"City\";s:6:\"MUMBAI\";s:7:\"Zipcode\";s:1:\"-\";s:8:\"Latitude\";s:7:\"19.0158\";s:9:\"Longitude\";s:7:\"72.8599\";}}','125.99.118.67',4);
insert  into `users_connect`(`connect_id`,`uid`,`connect_type_id`,`access_token`,`extras`,`connection_name`,`site_id`) values (71,71,4,'','a:2:{s:2:\"id\";s:15:\"210.212.179.170\";s:14:\"locationfinder\";O:8:\"stdClass\":8:{s:2:\"IP\";s:15:\"210.212.179.170\";s:11:\"CountryCode\";s:2:\"IN\";s:11:\"CountryName\";s:5:\"INDIA\";s:10:\"RegionName\";s:1:\"-\";s:4:\"City\";s:1:\"-\";s:7:\"Zipcode\";s:1:\"-\";s:8:\"Latitude\";s:7:\"28.6353\";s:9:\"Longitude\";s:6:\"77.225\";}}','210.212.179.170',4);
insert  into `users_connect`(`connect_id`,`uid`,`connect_type_id`,`access_token`,`extras`,`connection_name`,`site_id`) values (72,72,4,'','a:2:{s:2:\"id\";s:14:\"120.56.182.191\";s:14:\"locationfinder\";O:8:\"stdClass\":8:{s:2:\"IP\";s:14:\"120.56.182.191\";s:11:\"CountryCode\";s:2:\"IN\";s:11:\"CountryName\";s:5:\"INDIA\";s:10:\"RegionName\";s:5:\"DELHI\";s:4:\"City\";s:9:\"NEW DELHI\";s:7:\"Zipcode\";s:1:\"-\";s:8:\"Latitude\";s:7:\"28.6328\";s:9:\"Longitude\";s:7:\"77.2195\";}}','120.56.182.191',4);
insert  into `users_connect`(`connect_id`,`uid`,`connect_type_id`,`access_token`,`extras`,`connection_name`,`site_id`) values (73,73,4,'','a:2:{s:2:\"id\";s:14:\"117.196.39.163\";s:14:\"locationfinder\";O:8:\"stdClass\":8:{s:2:\"IP\";s:14:\"117.196.39.163\";s:11:\"CountryCode\";s:2:\"IN\";s:11:\"CountryName\";s:5:\"INDIA\";s:10:\"RegionName\";s:7:\"GUJARAT\";s:4:\"City\";s:9:\"AHMEDABAD\";s:7:\"Zipcode\";s:1:\"-\";s:8:\"Latitude\";s:6:\"23.033\";s:9:\"Longitude\";s:6:\"72.617\";}}','117.196.39.163',4);
insert  into `users_connect`(`connect_id`,`uid`,`connect_type_id`,`access_token`,`extras`,`connection_name`,`site_id`) values (74,74,4,'','a:2:{s:2:\"id\";s:12:\"1.38.100.179\";s:14:\"locationfinder\";O:8:\"stdClass\":8:{s:2:\"IP\";s:12:\"1.38.100.179\";s:11:\"CountryCode\";s:2:\"IN\";s:11:\"CountryName\";s:5:\"INDIA\";s:10:\"RegionName\";s:11:\"MAHARASHTRA\";s:4:\"City\";s:6:\"MUMBAI\";s:7:\"Zipcode\";s:1:\"-\";s:8:\"Latitude\";s:7:\"19.0158\";s:9:\"Longitude\";s:7:\"72.8599\";}}','1.38.100.179',4);
insert  into `users_connect`(`connect_id`,`uid`,`connect_type_id`,`access_token`,`extras`,`connection_name`,`site_id`) values (75,75,4,'','a:2:{s:2:\"id\";s:15:\"124.125.242.184\";s:14:\"locationfinder\";O:8:\"stdClass\":8:{s:2:\"IP\";s:15:\"124.125.242.184\";s:11:\"CountryCode\";s:2:\"IN\";s:11:\"CountryName\";s:5:\"INDIA\";s:10:\"RegionName\";s:11:\"MAHARASHTRA\";s:4:\"City\";s:11:\"NAVI MUMBAI\";s:7:\"Zipcode\";s:1:\"-\";s:8:\"Latitude\";s:6:\"19.174\";s:9:\"Longitude\";s:6:\"73.021\";}}','124.125.242.184',4);
insert  into `users_connect`(`connect_id`,`uid`,`connect_type_id`,`access_token`,`extras`,`connection_name`,`site_id`) values (76,76,4,'','a:2:{s:2:\"id\";s:13:\"94.236.24.152\";s:14:\"locationfinder\";O:8:\"stdClass\":8:{s:2:\"IP\";s:13:\"94.236.24.152\";s:11:\"CountryCode\";s:2:\"UK\";s:11:\"CountryName\";s:14:\"UNITED KINGDOM\";s:10:\"RegionName\";s:1:\"-\";s:4:\"City\";s:1:\"-\";s:7:\"Zipcode\";s:1:\"-\";s:8:\"Latitude\";s:6:\"54.167\";s:9:\"Longitude\";s:8:\"-4.48211\";}}','94.236.24.152',4);
insert  into `users_connect`(`connect_id`,`uid`,`connect_type_id`,`access_token`,`extras`,`connection_name`,`site_id`) values (77,77,4,'','a:2:{s:2:\"id\";s:15:\"182.156.138.166\";s:14:\"locationfinder\";O:8:\"stdClass\":8:{s:2:\"IP\";s:15:\"182.156.138.166\";s:11:\"CountryCode\";s:2:\"IN\";s:11:\"CountryName\";s:5:\"INDIA\";s:10:\"RegionName\";s:5:\"DELHI\";s:4:\"City\";s:5:\"DELHI\";s:7:\"Zipcode\";s:1:\"-\";s:8:\"Latitude\";s:7:\"28.6328\";s:9:\"Longitude\";s:7:\"77.2195\";}}','182.156.138.166',4);
insert  into `users_connect`(`connect_id`,`uid`,`connect_type_id`,`access_token`,`extras`,`connection_name`,`site_id`) values (78,78,4,'','a:2:{s:2:\"id\";s:14:\"119.155.19.254\";s:14:\"locationfinder\";O:8:\"stdClass\":8:{s:2:\"IP\";s:14:\"119.155.19.254\";s:11:\"CountryCode\";s:2:\"PK\";s:11:\"CountryName\";s:8:\"PAKISTAN\";s:10:\"RegionName\";s:5:\"SINDH\";s:4:\"City\";s:7:\"KARACHI\";s:7:\"Zipcode\";s:1:\"-\";s:8:\"Latitude\";s:6:\"24.867\";s:9:\"Longitude\";s:5:\"67.05\";}}','119.155.19.254',4);
insert  into `users_connect`(`connect_id`,`uid`,`connect_type_id`,`access_token`,`extras`,`connection_name`,`site_id`) values (79,79,4,'','a:2:{s:2:\"id\";s:15:\"110.226.168.150\";s:14:\"locationfinder\";O:8:\"stdClass\":8:{s:2:\"IP\";s:15:\"110.226.168.150\";s:11:\"CountryCode\";s:2:\"IN\";s:11:\"CountryName\";s:5:\"INDIA\";s:10:\"RegionName\";s:11:\"MAHARASHTRA\";s:4:\"City\";s:4:\"PUNE\";s:7:\"Zipcode\";s:1:\"-\";s:8:\"Latitude\";s:7:\"18.5201\";s:9:\"Longitude\";s:7:\"73.8516\";}}','110.226.168.150',4);
insert  into `users_connect`(`connect_id`,`uid`,`connect_type_id`,`access_token`,`extras`,`connection_name`,`site_id`) values (80,80,4,'','a:2:{s:2:\"id\";s:14:\"115.69.159.213\";s:14:\"locationfinder\";O:8:\"stdClass\":8:{s:2:\"IP\";s:14:\"115.69.159.213\";s:11:\"CountryCode\";s:2:\"IN\";s:11:\"CountryName\";s:5:\"INDIA\";s:10:\"RegionName\";s:6:\"KERALA\";s:4:\"City\";s:6:\"COCHIN\";s:7:\"Zipcode\";s:1:\"-\";s:8:\"Latitude\";s:6:\"9.9396\";s:9:\"Longitude\";s:7:\"76.2577\";}}','115.69.159.213',4);
insert  into `users_connect`(`connect_id`,`uid`,`connect_type_id`,`access_token`,`extras`,`connection_name`,`site_id`) values (81,81,4,'','a:2:{s:2:\"id\";s:14:\"80.239.243.224\";s:14:\"locationfinder\";O:8:\"stdClass\":8:{s:2:\"IP\";s:14:\"80.239.243.224\";s:11:\"CountryCode\";s:2:\"PL\";s:11:\"CountryName\";s:6:\"POLAND\";s:10:\"RegionName\";s:11:\"MAZOWIECKIE\";s:4:\"City\";s:6:\"WARSAW\";s:7:\"Zipcode\";s:1:\"-\";s:8:\"Latitude\";s:5:\"52.25\";s:9:\"Longitude\";s:2:\"21\";}}','80.239.243.224',4);
insert  into `users_connect`(`connect_id`,`uid`,`connect_type_id`,`access_token`,`extras`,`connection_name`,`site_id`) values (82,82,4,'','a:2:{s:2:\"id\";s:15:\"182.237.130.240\";s:14:\"locationfinder\";O:8:\"stdClass\":8:{s:2:\"IP\";s:15:\"182.237.130.240\";s:11:\"CountryCode\";s:2:\"IN\";s:11:\"CountryName\";s:5:\"INDIA\";s:10:\"RegionName\";s:11:\"MAHARASHTRA\";s:4:\"City\";s:6:\"MUMBAI\";s:7:\"Zipcode\";s:1:\"-\";s:8:\"Latitude\";s:7:\"19.0158\";s:9:\"Longitude\";s:7:\"72.8599\";}}','182.237.130.240',4);
insert  into `users_connect`(`connect_id`,`uid`,`connect_type_id`,`access_token`,`extras`,`connection_name`,`site_id`) values (83,83,4,'','a:2:{s:2:\"id\";s:13:\"115.242.31.42\";s:14:\"locationfinder\";O:8:\"stdClass\":8:{s:2:\"IP\";s:13:\"115.242.31.42\";s:11:\"CountryCode\";s:2:\"IN\";s:11:\"CountryName\";s:5:\"INDIA\";s:10:\"RegionName\";s:11:\"MAHARASHTRA\";s:4:\"City\";s:4:\"PUNE\";s:7:\"Zipcode\";s:1:\"-\";s:8:\"Latitude\";s:7:\"18.5201\";s:9:\"Longitude\";s:7:\"73.8516\";}}','115.242.31.42',4);
insert  into `users_connect`(`connect_id`,`uid`,`connect_type_id`,`access_token`,`extras`,`connection_name`,`site_id`) values (84,84,4,'','a:2:{s:2:\"id\";s:13:\"118.95.79.151\";s:14:\"locationfinder\";O:8:\"stdClass\":8:{s:2:\"IP\";s:13:\"118.95.79.151\";s:11:\"CountryCode\";s:2:\"IN\";s:11:\"CountryName\";s:5:\"INDIA\";s:10:\"RegionName\";s:11:\"MAHARASHTRA\";s:4:\"City\";s:6:\"MUMBAI\";s:7:\"Zipcode\";s:1:\"-\";s:8:\"Latitude\";s:7:\"19.0158\";s:9:\"Longitude\";s:7:\"72.8599\";}}','118.95.79.151',4);
insert  into `users_connect`(`connect_id`,`uid`,`connect_type_id`,`access_token`,`extras`,`connection_name`,`site_id`) values (85,85,1,'access_token=199968910028088|7f0dc54d252c42fee35e49fa-100001471914390|yTIRhWwv-9x_khat4O3acFvCv9M','a:20:{s:2:\"id\";s:15:\"100001471914390\";s:4:\"name\";s:15:\"Siddh Ghunkikar\";s:10:\"first_name\";s:5:\"Siddh\";s:9:\"last_name\";s:9:\"Ghunkikar\";s:4:\"link\";s:54:\"http://www.facebook.com/profile.php?id=100001471914390\";s:8:\"birthday\";s:10:\"07/10/1988\";s:8:\"hometown\";a:2:{s:2:\"id\";s:15:\"104621126242873\";s:4:\"name\";s:26:\"Kolhar, Maharashtra, India\";}s:8:\"location\";a:2:{s:2:\"id\";s:15:\"104621126242873\";s:4:\"name\";s:26:\"Kolhar, Maharashtra, India\";}s:4:\"work\";a:1:{i:0;a:3:{s:8:\"employer\";a:2:{s:2:\"id\";s:15:\"122890807753694\";s:4:\"name\";s:28:\"Shivaji University, Kolhapur\";}s:10:\"start_date\";s:7:\"0000-00\";s:8:\"end_date\";s:7:\"0000-00\";}}s:9:\"education\";a:1:{i:0;a:3:{s:6:\"school\";a:2:{s:2:\"id\";s:15:\"116885045033584\";s:4:\"name\";s:30:\"walwalkar highschool, kolhapur\";}s:4:\"year\";a:2:{s:2:\"id\";s:15:\"116614285052328\";s:4:\"name\";s:4:\"2003\";}s:4:\"type\";s:11:\"High School\";}}s:6:\"gender\";s:4:\"male\";s:5:\"email\";s:18:\"nughunki@gmail.com\";s:8:\"timezone\";d:5.5;s:6:\"locale\";s:5:\"en_US\";s:9:\"languages\";a:1:{i:0;a:2:{s:2:\"id\";s:15:\"112630158748101\";s:4:\"name\";s:7:\"Marathi\";}}s:8:\"verified\";b:1;s:12:\"updated_time\";s:24:\"2011-03-16T17:28:10+0000\";s:4:\"code\";s:68:\"7f0dc54d252c42fee35e49fa-100001471914390|ZFcrF7XttrdDyAsTDfAQwRgcSTs\";s:5:\"token\";s:97:\"access_token=199968910028088|7f0dc54d252c42fee35e49fa-100001471914390|yTIRhWwv-9x_khat4O3acFvCv9M\";s:14:\"locationfinder\";O:8:\"stdClass\":8:{s:2:\"IP\";s:13:\"115.242.31.42\";s:11:\"CountryCode\";s:2:\"IN\";s:11:\"CountryName\";s:5:\"INDIA\";s:10:\"RegionName\";s:11:\"MAHARASHTRA\";s:4:\"City\";s:4:\"PUNE\";s:7:\"Zipcode\";s:1:\"-\";s:8:\"Latitude\";s:7:\"18.5201\";s:9:\"Longitude\";s:7:\"73.8516\";}}','100001471914390',4);
insert  into `users_connect`(`connect_id`,`uid`,`connect_type_id`,`access_token`,`extras`,`connection_name`,`site_id`) values (86,86,4,'','a:2:{s:2:\"id\";s:12:\"164.100.1.81\";s:14:\"locationfinder\";O:8:\"stdClass\":8:{s:2:\"IP\";s:12:\"164.100.1.81\";s:11:\"CountryCode\";s:2:\"IN\";s:11:\"CountryName\";s:5:\"INDIA\";s:10:\"RegionName\";s:5:\"DELHI\";s:4:\"City\";s:9:\"NEW DELHI\";s:7:\"Zipcode\";s:1:\"-\";s:8:\"Latitude\";s:7:\"28.6328\";s:9:\"Longitude\";s:7:\"77.2195\";}}','164.100.1.81',4);
insert  into `users_connect`(`connect_id`,`uid`,`connect_type_id`,`access_token`,`extras`,`connection_name`,`site_id`) values (87,87,4,'','a:2:{s:2:\"id\";s:14:\"80.239.243.174\";s:14:\"locationfinder\";O:8:\"stdClass\":8:{s:2:\"IP\";s:14:\"80.239.243.174\";s:11:\"CountryCode\";s:2:\"PL\";s:11:\"CountryName\";s:6:\"POLAND\";s:10:\"RegionName\";s:11:\"MAZOWIECKIE\";s:4:\"City\";s:6:\"WARSAW\";s:7:\"Zipcode\";s:1:\"-\";s:8:\"Latitude\";s:5:\"52.25\";s:9:\"Longitude\";s:2:\"21\";}}','80.239.243.174',4);
insert  into `users_connect`(`connect_id`,`uid`,`connect_type_id`,`access_token`,`extras`,`connection_name`,`site_id`) values (88,88,4,'','a:2:{s:2:\"id\";s:13:\"113.20.17.161\";s:14:\"locationfinder\";O:8:\"stdClass\":8:{s:2:\"IP\";s:13:\"113.20.17.161\";s:11:\"CountryCode\";s:2:\"IN\";s:11:\"CountryName\";s:5:\"INDIA\";s:10:\"RegionName\";s:7:\"GUJARAT\";s:4:\"City\";s:11:\"GANDHINAGAR\";s:7:\"Zipcode\";s:1:\"-\";s:8:\"Latitude\";s:7:\"23.2266\";s:9:\"Longitude\";s:7:\"72.6401\";}}','113.20.17.161',4);
insert  into `users_connect`(`connect_id`,`uid`,`connect_type_id`,`access_token`,`extras`,`connection_name`,`site_id`) values (89,89,1,'access_token=199968910028088|aab216a1dd79995f3e535f63-1587392989|88XpeQUWNCNOjZMrS5kMh4XNHtE','a:15:{s:2:\"id\";s:10:\"1587392989\";s:4:\"name\";s:12:\"Rajesh Kumar\";s:10:\"first_name\";s:6:\"Rajesh\";s:9:\"last_name\";s:5:\"Kumar\";s:4:\"link\";s:49:\"http://www.facebook.com/profile.php?id=1587392989\";s:8:\"birthday\";s:10:\"03/24/1974\";s:6:\"gender\";s:4:\"male\";s:5:\"email\";s:26:\"rajesh.kathait08@gmail.com\";s:8:\"timezone\";d:5.5;s:6:\"locale\";s:5:\"en_US\";s:8:\"verified\";b:1;s:12:\"updated_time\";s:24:\"2011-03-16T17:33:45+0000\";s:4:\"code\";s:63:\"aab216a1dd79995f3e535f63-1587392989|e06nyr9NwFC_nWMCD4JKo1DIv90\";s:5:\"token\";s:92:\"access_token=199968910028088|aab216a1dd79995f3e535f63-1587392989|88XpeQUWNCNOjZMrS5kMh4XNHtE\";s:14:\"locationfinder\";O:8:\"stdClass\":8:{s:2:\"IP\";s:12:\"164.100.1.81\";s:11:\"CountryCode\";s:2:\"IN\";s:11:\"CountryName\";s:5:\"INDIA\";s:10:\"RegionName\";s:5:\"DELHI\";s:4:\"City\";s:9:\"NEW DELHI\";s:7:\"Zipcode\";s:1:\"-\";s:8:\"Latitude\";s:7:\"28.6328\";s:9:\"Longitude\";s:7:\"77.2195\";}}','1587392989',4);
insert  into `users_connect`(`connect_id`,`uid`,`connect_type_id`,`access_token`,`extras`,`connection_name`,`site_id`) values (90,90,4,'','a:2:{s:2:\"id\";s:14:\"216.104.15.134\";s:14:\"locationfinder\";O:8:\"stdClass\":8:{s:2:\"IP\";s:14:\"216.104.15.134\";s:11:\"CountryCode\";s:2:\"US\";s:11:\"CountryName\";s:13:\"UNITED STATES\";s:10:\"RegionName\";s:10:\"CALIFORNIA\";s:4:\"City\";s:9:\"CUPERTINO\";s:7:\"Zipcode\";s:5:\"95014\";s:8:\"Latitude\";s:6:\"37.316\";s:9:\"Longitude\";s:7:\"-122.06\";}}','216.104.15.134',4);
insert  into `users_connect`(`connect_id`,`uid`,`connect_type_id`,`access_token`,`extras`,`connection_name`,`site_id`) values (91,91,4,'','a:2:{s:2:\"id\";s:12:\"94.98.71.208\";s:14:\"locationfinder\";O:8:\"stdClass\":8:{s:2:\"IP\";s:12:\"94.98.71.208\";s:11:\"CountryCode\";s:2:\"SA\";s:11:\"CountryName\";s:12:\"SAUDI ARABIA\";s:10:\"RegionName\";s:8:\"AR RIYAD\";s:4:\"City\";s:6:\"RIYADH\";s:7:\"Zipcode\";s:1:\"-\";s:8:\"Latitude\";s:6:\"24.672\";s:9:\"Longitude\";s:6:\"46.713\";}}','94.98.71.208',4);
insert  into `users_connect`(`connect_id`,`uid`,`connect_type_id`,`access_token`,`extras`,`connection_name`,`site_id`) values (92,92,4,'','a:2:{s:2:\"id\";s:12:\"150.70.75.36\";s:14:\"locationfinder\";O:8:\"stdClass\":8:{s:2:\"IP\";s:12:\"150.70.75.36\";s:11:\"CountryCode\";s:2:\"JP\";s:11:\"CountryName\";s:5:\"JAPAN\";s:10:\"RegionName\";s:5:\"TOKYO\";s:4:\"City\";s:5:\"TOKYO\";s:7:\"Zipcode\";s:1:\"-\";s:8:\"Latitude\";s:4:\"35.7\";s:9:\"Longitude\";s:7:\"139.767\";}}','150.70.75.36',4);
insert  into `users_connect`(`connect_id`,`uid`,`connect_type_id`,`access_token`,`extras`,`connection_name`,`site_id`) values (93,93,4,'','a:2:{s:2:\"id\";s:14:\"118.102.183.46\";s:14:\"locationfinder\";O:8:\"stdClass\":8:{s:2:\"IP\";s:14:\"118.102.183.46\";s:11:\"CountryCode\";s:2:\"IN\";s:11:\"CountryName\";s:5:\"INDIA\";s:10:\"RegionName\";s:10:\"TAMIL NADU\";s:4:\"City\";s:7:\"CHENNAI\";s:7:\"Zipcode\";s:1:\"-\";s:8:\"Latitude\";s:7:\"13.0634\";s:9:\"Longitude\";s:7:\"80.2207\";}}','118.102.183.46',4);
insert  into `users_connect`(`connect_id`,`uid`,`connect_type_id`,`access_token`,`extras`,`connection_name`,`site_id`) values (94,94,4,'','a:2:{s:2:\"id\";s:14:\"80.239.242.221\";s:14:\"locationfinder\";O:8:\"stdClass\":8:{s:2:\"IP\";s:14:\"80.239.242.221\";s:11:\"CountryCode\";s:2:\"PL\";s:11:\"CountryName\";s:6:\"POLAND\";s:10:\"RegionName\";s:11:\"MAZOWIECKIE\";s:4:\"City\";s:6:\"WARSAW\";s:7:\"Zipcode\";s:1:\"-\";s:8:\"Latitude\";s:5:\"52.25\";s:9:\"Longitude\";s:2:\"21\";}}','80.239.242.221',4);
insert  into `users_connect`(`connect_id`,`uid`,`connect_type_id`,`access_token`,`extras`,`connection_name`,`site_id`) values (95,95,4,'','a:2:{s:2:\"id\";s:12:\"63.150.3.118\";s:14:\"locationfinder\";O:8:\"stdClass\":8:{s:2:\"IP\";s:12:\"63.150.3.118\";s:11:\"CountryCode\";s:2:\"US\";s:11:\"CountryName\";s:13:\"UNITED STATES\";s:10:\"RegionName\";s:10:\"CALIFORNIA\";s:4:\"City\";s:9:\"SUNNYVALE\";s:7:\"Zipcode\";s:5:\"94085\";s:8:\"Latitude\";s:7:\"37.3779\";s:9:\"Longitude\";s:8:\"-122.027\";}}','63.150.3.118',4);
insert  into `users_connect`(`connect_id`,`uid`,`connect_type_id`,`access_token`,`extras`,`connection_name`,`site_id`) values (96,96,4,'','a:2:{s:2:\"id\";s:14:\"117.203.80.212\";s:14:\"locationfinder\";O:8:\"stdClass\":8:{s:2:\"IP\";s:14:\"117.203.80.212\";s:11:\"CountryCode\";s:2:\"IN\";s:11:\"CountryName\";s:5:\"INDIA\";s:10:\"RegionName\";s:6:\"PUNJAB\";s:4:\"City\";s:9:\"JALANDHAR\";s:7:\"Zipcode\";s:1:\"-\";s:8:\"Latitude\";s:7:\"31.3281\";s:9:\"Longitude\";s:7:\"75.5756\";}}','117.203.80.212',4);
insert  into `users_connect`(`connect_id`,`uid`,`connect_type_id`,`access_token`,`extras`,`connection_name`,`site_id`) values (97,97,4,'','a:2:{s:2:\"id\";s:14:\"80.239.243.117\";s:14:\"locationfinder\";O:8:\"stdClass\":8:{s:2:\"IP\";s:14:\"80.239.243.117\";s:11:\"CountryCode\";s:2:\"PL\";s:11:\"CountryName\";s:6:\"POLAND\";s:10:\"RegionName\";s:11:\"MAZOWIECKIE\";s:4:\"City\";s:6:\"WARSAW\";s:7:\"Zipcode\";s:1:\"-\";s:8:\"Latitude\";s:5:\"52.25\";s:9:\"Longitude\";s:2:\"21\";}}','80.239.243.117',4);
insert  into `users_connect`(`connect_id`,`uid`,`connect_type_id`,`access_token`,`extras`,`connection_name`,`site_id`) values (98,98,4,'','a:2:{s:2:\"id\";s:9:\"1.38.13.3\";s:14:\"locationfinder\";O:8:\"stdClass\":8:{s:2:\"IP\";s:9:\"1.38.13.3\";s:11:\"CountryCode\";s:2:\"IN\";s:11:\"CountryName\";s:5:\"INDIA\";s:10:\"RegionName\";s:11:\"MAHARASHTRA\";s:4:\"City\";s:6:\"MUMBAI\";s:7:\"Zipcode\";s:1:\"-\";s:8:\"Latitude\";s:7:\"19.0158\";s:9:\"Longitude\";s:7:\"72.8599\";}}','1.38.13.3',4);
insert  into `users_connect`(`connect_id`,`uid`,`connect_type_id`,`access_token`,`extras`,`connection_name`,`site_id`) values (99,99,4,'','a:2:{s:2:\"id\";s:12:\"65.52.109.59\";s:14:\"locationfinder\";O:8:\"stdClass\":8:{s:2:\"IP\";s:12:\"65.52.109.59\";s:11:\"CountryCode\";s:2:\"US\";s:11:\"CountryName\";s:13:\"UNITED STATES\";s:10:\"RegionName\";s:10:\"WASHINGTON\";s:4:\"City\";s:7:\"REDMOND\";s:7:\"Zipcode\";s:5:\"98052\";s:8:\"Latitude\";s:7:\"47.6738\";s:9:\"Longitude\";s:8:\"-122.089\";}}','65.52.109.59',4);
insert  into `users_connect`(`connect_id`,`uid`,`connect_type_id`,`access_token`,`extras`,`connection_name`,`site_id`) values (100,100,4,'','a:2:{s:2:\"id\";s:14:\"207.46.204.179\";s:14:\"locationfinder\";O:8:\"stdClass\":8:{s:2:\"IP\";s:14:\"207.46.204.179\";s:11:\"CountryCode\";s:2:\"US\";s:11:\"CountryName\";s:13:\"UNITED STATES\";s:10:\"RegionName\";s:10:\"WASHINGTON\";s:4:\"City\";s:7:\"REDMOND\";s:7:\"Zipcode\";s:5:\"98052\";s:8:\"Latitude\";s:7:\"47.6738\";s:9:\"Longitude\";s:8:\"-122.089\";}}','207.46.204.179',4);
insert  into `users_connect`(`connect_id`,`uid`,`connect_type_id`,`access_token`,`extras`,`connection_name`,`site_id`) values (101,101,4,'','a:2:{s:2:\"id\";s:13:\"207.46.13.146\";s:14:\"locationfinder\";O:8:\"stdClass\":8:{s:2:\"IP\";s:13:\"207.46.13.146\";s:11:\"CountryCode\";s:2:\"US\";s:11:\"CountryName\";s:13:\"UNITED STATES\";s:10:\"RegionName\";s:10:\"WASHINGTON\";s:4:\"City\";s:7:\"REDMOND\";s:7:\"Zipcode\";s:5:\"98052\";s:8:\"Latitude\";s:7:\"47.6738\";s:9:\"Longitude\";s:8:\"-122.089\";}}','207.46.13.146',4);

/*Table structure for table `vfun_profiles` */

CREATE TABLE `vfun_profiles` (
  `profile_id` int(11) NOT NULL auto_increment,
  `uid` int(11) default NULL,
  `site_id` int(11) default NULL,
  `iam` int(2) default NULL,
  `age` int(2) default NULL,
  `location` int(11) default NULL,
  `mytype` int(2) default NULL,
  `short_longterm` int(2) default NULL,
  PRIMARY KEY  (`profile_id`)
) ENGINE=MyISAM DEFAULT CHARSET=utf8;

/*Data for the table `vfun_profiles` */

/*!40101 SET SQL_MODE=@OLD_SQL_MODE */;
/*!40014 SET FOREIGN_KEY_CHECKS=@OLD_FOREIGN_KEY_CHECKS */;
